system,rank,power,rmax,efficiency,year,month,list_rank
"Roadrunner - BladeCenter QS22/LS21 Cluster, PowerXCell 8i 3.2 Ghz / Opteron DC 1.8 GHz, Voltaire Infiniband",1,2483.47,1105000.0,444.94195621449023,2009,6,33
Jaguar - Cray XT5 QC 2.3 GHz,2,6950.6,1059000.0,152.36094725635195,2009,6,33
JUGENE - Blue Gene/P Solution,3,2268.0,825500.0,363.9770723104056,2009,6,33
"Pleiades - SGI Altix ICE 8200EX, Xeon QC 3.0/2.66 GHz",4,2090.0,487005.0,233.01674641148324,2009,6,33
BlueGene/L - eServer Blue Gene Solution,5,2329.6,478200.0,205.2712912087912,2009,6,33
Blue Gene/P Solution,7,1260.0,458611.0,363.9769841269841,2009,6,33
"Ranger - SunBlade x6420, Opteron QC 2.3 Ghz, Infiniband",8,2000.0,433200.0,216.6,2009,6,33
Dawn - Blue Gene/P Solution,9,1134.0,415700.0,366.5784832451499,2009,6,33
"JUROPA - Sun Constellation, NovaScale R422-E2, Intel Xeon X5570, 2.93 GHz, Sun M9/Mellanox  QDR Infiniband/Partec Parastation",10,1549.0,274800.0,177.40477727566173,2009,6,33
Franklin - Cray XT4 QuadCore 2.3 GHz,11,1150.0,266300.0,231.56521739130434,2009,6,33
Jaguar - Cray XT4 QuadCore 2.1 GHz,12,1580.71,205000.0,129.68855767345053,2009,6,33
"Red Storm - Sandia/ Cray Red Storm, XT3/4, 2.4/2.2 GHz dual/quad core",13,2506.0,204200.0,81.48443735035914,2009,6,33
Shaheen - Blue Gene/P Solution,14,504.0,185171.0,367.40277777777777,2009,6,33
"GPC - iDataPlex, Xeon E55xx QC 2.53 GHz, GigE",16,869.4,168600.0,193.92684610075915,2009,6,33
"Encanto - SGI Altix ICE 8200, Xeon quad core 3.0 GHz",17,861.63,133200.0,154.59071759339855,2009,6,33
"EKA - Cluster Platform 3000 BL460c, Xeon 53xx 3GHz, Infiniband",18,786.0,132800.0,168.95674300254453,2009,6,33
"Jade - SGI Altix ICE 8200EX, Xeon quad core 3.0 GHz",20,608.18,128400.0,211.12170738925977,2009,6,33
Athena - Cray XT4 QuadCore 2.3 GHz,21,888.82,125128.0,140.77991044305932,2009,6,33
Blue Gene/P Solution,24,315.0,116013.0,368.2952380952381,2009,6,33
"Power 575, p6 4.7 GHz, Infiniband",25,1329.7,115900.0,87.1625178611717,2009,6,33
"Power 575, p6 4.7 GHz, Infiniband",26,1329.7,115900.0,87.1625178611717,2009,6,33
"Power 575, p6 4.7 GHz, Infiniband",27,1288.69,115900.0,89.93629189331801,2009,6,33
"SGI Altix ICE 8200EX, Xeon quad core 3.0 GHz",29,442.0,106100.0,240.0452488687783,2009,6,33
"VIP - Power 575, p6 4.7 GHz, Infiniband",33,1073.99,98240.0,91.47198763489418,2009,6,33
Frontier2 BG/L - Blue Gene/P Solution,36,252.0,92960.0,368.8888888888889,2009,6,33
BGW - eServer Blue Gene Solution,37,448.0,91290.0,203.77232142857142,2009,6,33
Cray XT5 QC 2.3 GHz,39,588.9,90840.0,154.25369332654103,2009,6,33
"TSUBAME Grid Cluster with CompView TSUBASA - Sun Fire x4600/x6250, Opteron 2.4/2.6 GHz, Xeon E5440 2.833 GHz, ClearSpeed CSX600, nVidia GT200; Voltaire Infiniband",41,1103.0,87010.0,78.88485947416137,2009,6,33
"T2K Open Supercomputer (Todai Combined Cluster) - Hitachi Cluster Opteron QC 2.3 GHz, Myrinet 10G",42,638.6,82984.0,129.94675853429376,2009,6,33
New York Blue - eServer Blue Gene Solution,45,403.2,82161.0,203.77232142857144,2009,6,33
"Power 575, p6 4.7 GHz, Infiniband",46,859.19,78680.0,91.57462260966724,2009,6,33
"T2K Open Supercomputer - Appro Xtreme-X3 Server - Quad Opteron Quad Core 2.3 GHz, Infiniband",47,671.8,77280.0,115.03423637987497,2009,6,33
Cray XT5 QC 2.3 GHz,48,481.0,76800.0,159.66735966735968,2009,6,33
Cray XT5/XT4 QC 2.3 GHz,49,520.8,76510.0,146.90860215053766,2009,6,33
ASC Purple - eServer pSeries p5 575 1.9 GHz,50,1992.96,75760.0,38.013808606294155,2009,6,33
"Power 575, p6 4.7 GHz, Infiniband",51,797.82,73060.0,91.5745406231982,2009,6,33
eServer Blue Gene Solution,52,358.4,73032.0,203.77232142857144,2009,6,33
"Power 575, p6 4.7 GHz, Infiniband",53,782.48,71656.0,91.5755035272467,2009,6,33
"MVS-100K - Cluster Platform 3000 BL460c/BL2x220, Xeon 54xx 3 Ghz, Infiniband",54,327.0,71280.0,217.9816513761468,2009,6,33
"Cerrillos - BladeCenter QS22/LS21 Cluster, PowerXCell 8i 3.2 Ghz / Opteron DC 1.8 GHz, Infiniband",61,138.0,63250.0,458.3333333333333,2009,6,33
"BladeCenter QS22/LS21 Cluster, PowerXCell 8i 3.2 Ghz / Opteron DC 1.8 GHz, Infiniband",62,138.0,63250.0,458.3333333333333,2009,6,33
"Power 575, p6 4.7 GHz, Infiniband",63,675.08,61820.7,91.5753688451739,2009,6,33
"bluefire - Power 575, p6 4.7 GHz, Infiniband",64,649.51,59684.1,91.89096395744484,2009,6,33
"Plasma Simulator - Hitachi SR16000 Model L2, Power6 4.7Ghz, Infiniband",65,645.0,56650.0,87.82945736434108,2009,6,33
HLRB-II - Altix 4700 1.6 GHz,66,990.24,56520.0,57.07707222491517,2009,6,33
Jade - Cray XT4 QuadCore 2.1 GHz,67,418.97,56250.0,134.2578227558059,2009,6,33
"Power 575, p6 4.7 GHz, Infiniband",72,572.79,52810.0,92.19783864941776,2009,6,33
"UKMO B - Power 575, p6 4.7 GHz, Infiniband",73,562.6,51863.3,92.1850337717739,2009,6,33
"UKMO A - Power 575, p6 4.7 GHz, Infiniband",74,562.6,51863.3,92.1850337717739,2009,6,33
"Baku - NEC HPC 140Rb-1 Cluster, Xeon X5560 2.8Ghz, Infiniband",77,186.0,50790.0,273.06451612903226,2009,6,33
"Power 575, p6 4.7 GHz, Infiniband",79,531.88,48932.7,91.99951116793261,2009,6,33
"Power 575, p6 4.7 GHz, Infiniband",80,531.88,48932.7,91.99951116793261,2009,6,33
"SKIF MSU - T-Platforms T60, Intel Quadcore 3Mhz, Infiniband DDR",82,265.0,47170.0,178.0,2009,6,33
Blue Gene/P Solution,84,126.0,46830.0,371.6666666666667,2009,6,33
Blue Gene/P Solution,85,126.0,46830.0,371.6666666666667,2009,6,33
Genius - Blue Gene/P Solution,86,126.0,46830.0,371.6666666666667,2009,6,33
"Akka - BladeCenter HS21 Cluster, Xeon QC HT 2.5 GHz, IB, Windows HPC 2008/CentOS",88,173.21,46040.0,265.8045147508804,2009,6,33
"Palmetto - PowerEdge 1950/SunFire X2200 Cluster Intel 53xx/54xx 2.33Ghz, Opteron 2.3 Ghz, Myrinet 10G",89,285.0,45610.0,160.03508771929825,2009,6,33
Cray XT4 QuadCore 2.3 GHz,98,274.73,40590.0,147.74505878498888,2009,6,33
"Discover - iDataPlex, Xeon X55xx QC 2.8 GHz, Infiniband",101,143.64,38990.0,271.4424951267057,2009,6,33
"BladeCenter HS22 Cluster, Xeon QC GT 2.53 GHz, GigEthernet",102,282.75,38790.0,137.18832891246683,2009,6,33
"BladeCenter HS22 Cluster, Xeon QC GT 2.53 GHz, GigEthernet",103,282.75,38790.0,137.18832891246683,2009,6,33
"BladeCenter HS22 Cluster, Xeon QC GT 2.53 GHz, GigEthernet",104,282.75,38790.0,137.18832891246683,2009,6,33
JUBL - eServer Blue Gene Solution,111,179.2,37330.0,208.31473214285717,2009,6,33
"BladeCenter HS21 Cluster, Xeon QC HT 3 GHz, Infiniband",117,162.49,36752.5,226.1831497322912,2009,6,33
Blue Gene/P Solution,124,94.5,35123.0,371.67195767195767,2009,6,33
"Discover - iDataPlex, Xeon QC 2.5 GHz, Infiniband",125,132.35,35078.1,265.04042312051376,2009,6,33
"ATLAS - Pyramid Cluster Xeon QC 32xx 2.4 GHz, GigEthernet",134,201.0,32800.0,163.18407960199005,2009,6,33
"BladeCenter HS22 Cluster, Xeon QC GT 2.53 GHz, GigEthernet",151,212.06,31032.0,146.33594265773837,2009,6,33
"BladeCenter HS22 Cluster, Xeon QC GT 2.53 GHz, GigEthernet",152,212.06,31032.0,146.33594265773837,2009,6,33
"BladeCenter HS22 Cluster, Xeon QC GT 2.53 GHz, GigEthernet",153,212.06,31032.0,146.33594265773837,2009,6,33
"BladeCenter HS22 Cluster, Xeon QC GT 2.53 GHz, GigEthernet",154,212.06,31032.0,146.33594265773837,2009,6,33
"Cluster Platform 3000 BL460c, Xeon 54xx 3.0GHz, GigEthernet",165,510.61,29365.0,57.50964532617849,2009,6,33
"BladeCenter HS21 Cluster, Xeon QC HT 2.83 GHz, Infiniband",166,134.94,29323.1,217.30472802727138,2009,6,33
"iDataPlex, Xeon X55xx QC 2.8 GHz, Infiniband",167,109.44,29185.0,266.67580409356725,2009,6,33
"iDataPlex, Xeon X55xx QC 2.8 GHz, Infiniband",168,109.44,29185.0,266.67580409356725,2009,6,33
"BladeCenter HS22 Cluster, Xeon QC GT 2.66 GHz, GigEthernet",169,144.9,29092.5,200.77639751552795,2009,6,33
"BladeCenter HS22 Cluster, Xeon QC GT 2.66 GHz, GigEthernet",170,144.9,29092.5,200.77639751552795,2009,6,33
"BladeCenter HS22 Cluster, Xeon QC GT 2.66 GHz, GigEthernet",171,144.9,29092.5,200.77639751552795,2009,6,33
"BladeCenter HS22 Cluster, Xeon QC GT 2.66 GHz, GigEthernet",172,144.9,29092.5,200.77639751552795,2009,6,33
"BlueCrystal - xSeries x3450 Cluster Xeon quad core, 2.8 GHz, Infiniband",174,135.03,28775.0,213.10079241650004,2009,6,33
"BladeCenter HS22 Cluster, Xeon QC GT 2.53 GHz, GigEthernet",177,194.39,28446.0,146.33468799835384,2009,6,33
"Cluster Platform 3000 BL460c, Xeon 54xx 3.0GHz, GigEthernet",180,280.7,28306.6,100.84289276807979,2009,6,33
Stella - eServer Blue Gene Solution,188,134.4,27450.0,204.24107142857142,2009,6,33
"Jet - NOW Cluster - Intel Xeon 51xx/E54xx 2.8 Ghz, Infiniband",197,214.0,26730.0,124.90654205607477,2009,6,33
"SGI Altix ICE 8200EX, Xeon quad core 3.0 GHz",199,129.2,26690.0,206.57894736842107,2009,6,33
"SGI Altix ICE 8200EX, Xeon quad core 3.0 GHz",200,129.2,26690.0,206.57894736842107,2009,6,33
Cray XT5 QC 2.3 GHz,203,159.84,26310.0,164.6021021021021,2009,6,33
"Cluster Platform 3000 BL460c, Xeon 54xx 3.0GHz, GigEthernet",204,342.19,26286.9,76.81960314445192,2009,6,33
"Cluster Platform 3000 BL460c, Xeon 54xx 3.0GHz, GigEthernet",205,342.19,26286.9,76.81960314445192,2009,6,33
"SGI Altix ICE 8200EX, Xeon quad core 2.80 GHz",222,122.76,25110.0,204.54545454545453,2009,6,33
"Cluster Platform 3000 BL460c, Xeon 53xx 2.33GHz, Infiniband",223,167.0,25080.0,150.17964071856287,2009,6,33
"BladeCenter HS21 Cluster, Xeon QC HT 2.83 GHz, GigEthernet",226,266.1,24670.0,92.70950770387071,2009,6,33
"BladeCenter HS21 Cluster, Xeon QC HT 3 GHz, GigEthernet",227,252.6,24670.0,97.66429136975455,2009,6,33
"xSeries x3450 Cluster Xeon quad core, 3.0 GHz, GigEthernet",228,204.8,24670.0,120.458984375,2009,6,33
"BladeCenter HS21 Cluster, Xeon QC 2.66 GHz, GigEthernet",229,198.47,24670.0,124.30090189953141,2009,6,33
"BladeCenter HS21 Cluster, Xeon QC HT 2.66 GHz, Infiniband",232,115.09,24527.3,213.11408462942043,2009,6,33
"Cluster Platform 3000 BL460c, Xeon 54xx 3.0GHz, GigEthernet",237,420.62,24244.1,57.63896153297513,2009,6,33
"BladeCenter HS21 Cluster, Xeon QC 2.66 GHz, GigEthernet",242,185.5,23616.4,127.31212938005392,2009,6,33
"iDataPlex, Xeon QC 3.0 GHz, Infiniband",244,115.13,23544.6,204.50447320420395,2009,6,33
Blue Gene/P Solution,245,63.0,23415.0,371.6666666666667,2009,6,33
Blue Gene/P Solution,246,63.0,23415.0,371.6666666666667,2009,6,33
Blue Gene/P Solution,247,63.0,23415.0,371.6666666666667,2009,6,33
New York Blue - Blue Gene/P Solution,248,63.0,23415.0,371.6666666666667,2009,6,33
Cray XT4 QuadCore 2.2 GHz,259,160.78,22930.0,142.61724095036695,2009,6,33
"iDataPlex, Xeon X55xx QC 2.93 GHz, Infiniband",267,85.5,22801.0,266.67836257309943,2009,6,33
"BladeCenter HS21 Cluster, Xeon QC 2.33 GHz, Infiniband",273,112.52,22348.4,198.6171347316033,2009,6,33
"BladeCenter HS21 Cluster, Xeon QC 2.66 GHz, GigEthernet",275,172.5,22141.3,128.35536231884058,2009,6,33
"GRAPE-DR cluster - GRAPE-DR accelerator Cluster, Infiniband",277,51.2,21960.0,428.90625,2009,6,33
"BladeCenter HS21 Cluster, Xeon QC 2.33 GHz, GigEthernet",287,278.4,21609.0,77.61853448275863,2009,6,33
"xSeries x3550 Cluster Xeon QC, 2.333 GHz, GigEthernet",288,349.3,21609.0,61.86372745490982,2009,6,33
"BladeCenter HS21 Cluster, Xeon QC 2.33 GHz, GigEthernet",289,232.76,21609.0,92.8381165148651,2009,6,33
"xSeries x3550 Cluster Xeon QC, 2.333 GHz, GigEthernet",290,311.8,21609.0,69.30404105195637,2009,6,33
"BladeCenter HS21 Cluster, Xeon QC HT 2.33 GHz, GigEthernet",291,225.05,21609.0,96.01866251944011,2009,6,33
"Mammouth-Serie II - Altix XE320 Cluster, Xeon 2.8Ghz, Infiniband",292,115.3,21600.0,187.33738074588032,2009,6,33
"Cluster Platform 3000 BL460c, Xeon 54xx 3.0GHz, GigEthernet",293,227.68,21597.4,94.85857343640197,2009,6,33
eServer pSeries p5 575 1.9 GHz,295,161.98,21546.4,133.01889122113843,2009,6,33
"BladeCenter HS21 Cluster, Xeon QC HT 2.83 GHz, GigEthernet",297,172.77,21459.0,124.20559124848063,2009,6,33
"BladeCenter HS21 Cluster, Xeon QC HT 2.83 GHz, GigEthernet",298,172.77,21459.0,124.20559124848063,2009,6,33
"BladeCenter HS21 Cluster, Xeon QC HT 2.83 GHz, GigEthernet",299,172.77,21459.0,124.20559124848063,2009,6,33
"SGI Altix ICE 8200 Enhanced LX, Xeon X5560 quad core 2.8 GHz",308,84.17,21160.0,251.39598431745276,2009,6,33
"iDataPlex, Xeon QC 3.0 GHz, Infiniband",309,103.19,21104.0,204.51594146719643,2009,6,33
"iDataPlex, Xeon QC 3.0 GHz, Infiniband",310,103.19,21104.0,204.51594146719643,2009,6,33
"BladeCenter HS21 Cluster, Xeon QC 2.66 GHz, GigEthernet",318,192.95,20693.0,107.24540036278829,2009,6,33
"BladeCenter HS21 Cluster, Xeon QC 2.66 GHz, GigEthernet",319,192.95,20693.0,107.24540036278829,2009,6,33
"BladeCenter HS21 Cluster, Xeon QC 2.66 GHz, GigEthernet",320,192.95,20693.0,107.24540036278829,2009,6,33
"BladeCenter HS21 Cluster, Xeon QC HT 2.5 GHz, GigEthernet",322,173.12,20609.8,119.0492144177449,2009,6,33
"BladeCenter HS21 Cluster, Xeon QC HT 3 GHz, GigEthernet",329,159.95,20244.8,126.56955298530791,2009,6,33
"BladeCenter HS21 Cluster, Xeon QC HT 3 GHz, GigEthernet",330,159.95,20244.8,126.56955298530791,2009,6,33
eServer pSeries p5 575 1.9 GHz,333,501.5,20070.0,40.019940179461614,2009,6,33
eServer pSeries p5 575 1.9 GHz,334,501.5,20070.0,40.019940179461614,2009,6,33
"xSeries x3550 Cluster Xeon QC, 2.333 GHz, GigEthernet",336,257.0,20031.2,77.94241245136188,2009,6,33
"xSeries x3550 Cluster, QC HT Xeon 2.66 GHz, Infiniband",337,135.5,20005.5,147.6420664206642,2009,6,33
"xSeries x3550 Cluster, QC HT Xeon 2.66 GHz, Infiniband",338,135.5,20005.5,147.6420664206642,2009,6,33
"xSeries x3550 Cluster Xeon QC HT, 2.5 GHz, GigEthernet",339,240.57,19984.1,83.06979257596541,2009,6,33
"BladeCenter HS21 Cluster, Xeon dual core 3.0 GHz, Infiniband",340,244.12,19910.0,81.55825004096346,2009,6,33
"BladeCenter HS21 Cluster, Xeon dual core 3.0 GHz, Infiniband",341,244.12,19910.0,81.55825004096346,2009,6,33
"xSeries x3550 Cluster Xeon, 3 GHz, Infiniband",342,193.44,19910.0,102.92597187758479,2009,6,33
"Cluster Platform 3000 BL460c, Xeon 54xx 3.0GHz, GigEthernet",343,342.19,19790.7,57.83541307460768,2009,6,33
"Cluster Platform 3000 BL460c, Xeon 54xx 3.0GHz, GigEthernet",344,342.19,19790.7,57.83541307460768,2009,6,33
"Cluster Platform 3000 BL460c, Xeon 54xx 3.0GHz, GigEthernet",345,342.19,19790.7,57.83541307460768,2009,6,33
"Cluster Platform 3000 BL460c, Xeon 54xx 3.0GHz, GigEthernet",346,342.19,19790.7,57.83541307460768,2009,6,33
"BladeCenter HS21 Cluster, Xeon QC 2.66 GHz, GigEthernet",347,373.8,19753.1,52.844034242910645,2009,6,33
"Power 575, p6 4.7 GHz, Infiniband",351,204.6,19558.3,95.59286412512219,2009,6,33
"UKMO C - Power 575, p6 4.7 GHz, Infiniband",352,204.6,19558.3,95.59286412512219,2009,6,33
"MPIE-CMCC - MEGWARE MiriQuid X5400 Cluster, Xeon 3GHz, Infiniband",355,85.0,19390.0,228.11764705882354,2009,6,33
"BladeCenter HS21 Cluster, Xeon QC HT 3 GHz, Infiniband",359,85.05,19237.7,226.1928277483833,2009,6,33
"BladeCenter HS21 Cluster, Xeon QC HT 2.83 GHz, Infiniband",360,88.28,19183.3,217.30063434526505,2009,6,33
"BladeCenter HS21 Cluster, Xeon QC 2.66 GHz, GigEthernet",365,145.3,19050.6,131.11218169304885,2009,6,33
"BladeCenter HS21 Cluster, Xeon QC HT 3 GHz, GigEthernet",366,149.47,19030.0,127.31651836488928,2009,6,33
"BladeCenter HS21 Cluster, Xeon QC HT 3 GHz, GigEthernet",367,149.47,19030.0,127.31651836488928,2009,6,33
"BladeCenter HS21 Cluster, Xeon QC HT 3 GHz, GigEthernet",368,149.47,19030.0,127.31651836488928,2009,6,33
"BladeCenter HS21 Cluster, Xeon QC HT 3 GHz, GigEthernet",369,149.47,19030.0,127.31651836488928,2009,6,33
"BladeCenter HS21 Cluster, Xeon QC HT 3 GHz, GigEthernet",370,149.47,19030.0,127.31651836488928,2009,6,33
"BladeCenter HS21 Cluster, Xeon QC HT 3 GHz, GigEthernet",371,149.47,19030.0,127.31651836488928,2009,6,33
"BladeCenter HS21 Cluster, Xeon QC HT 3 GHz, GigEthernet",372,149.47,19030.0,127.31651836488928,2009,6,33
"BladeCenter HS21 Cluster, Xeon QC HT 3 GHz, GigEthernet",373,149.47,19030.0,127.31651836488928,2009,6,33
"BladeCenter HS21 Cluster, Xeon QC HT 3 GHz, GigEthernet",374,149.47,19030.0,127.31651836488928,2009,6,33
"BladeCenter HS21 Cluster, Xeon QC HT 3 GHz, GigEthernet",375,149.47,19030.0,127.31651836488928,2009,6,33
"BladeCenter HS21 Cluster, Xeon QC HT 3 GHz, GigEthernet",376,149.47,19030.0,127.31651836488928,2009,6,33
"BladeCenter HS21 Cluster, Xeon QC HT 3 GHz, GigEthernet",377,149.47,19030.0,127.31651836488928,2009,6,33
"BladeCenter HS21 Cluster, Xeon QC HT 3 GHz, GigEthernet",378,149.47,19030.0,127.31651836488928,2009,6,33
"BladeCenter HS21 Cluster, Xeon QC HT 3 GHz, GigEthernet",379,149.47,19030.0,127.31651836488928,2009,6,33
"PowerEdge 1950, Xeon 51xx 3.06 GHz, Infinipath",385,330.0,18930.0,57.36363636363637,2009,6,33
"BladeCenter HS22 Cluster, Xeon QC GT 2.93 GHz, GigEthernet",388,103.8,18794.7,181.06647398843933,2009,6,33
Blue Protein - eServer Blue Gene Solution,393,89.6,18665.0,208.31473214285717,2009,6,33
Frontier - eServer Blue Gene Solution,394,89.6,18665.0,208.31473214285717,2009,6,33
eServer Blue Gene Solution,395,89.6,18665.0,208.31473214285717,2009,6,33
KEK/BG Sakura - eServer Blue Gene Solution,396,89.6,18665.0,208.31473214285717,2009,6,33
KEK/BG MOMO - eServer Blue Gene Solution,397,89.6,18665.0,208.31473214285717,2009,6,33
eServer Blue Gene Solution,398,89.6,18665.0,208.31473214285717,2009,6,33
"xSeries x3550 Cluster Xeon, 3 GHz, GigEthernet",399,467.0,18600.0,39.82869379014989,2009,6,33
"BladeCenter HS21 Cluster, Xeon dual core 2.66 GHz, GigEthernet",400,426.3,18600.0,43.63124560168895,2009,6,33
"BladeCenter HS21 Cluster, Xeon dual core 2.66 GHz, GigEthernet",401,426.3,18600.0,43.63124560168895,2009,6,33
"BladeCenter HS21 Cluster, Xeon dual core, 3.0 GHz, GigEthernet",402,363.88,18600.0,51.115752445861276,2009,6,33
"BladeCenter HS21 Cluster, Xeon dual core, 3.0 GHz, GigEthernet",403,363.88,18600.0,51.115752445861276,2009,6,33
"BladeCenter HS21 Cluster, Xeon dual core, 3.0 GHz, GigEthernet",404,363.88,18600.0,51.115752445861276,2009,6,33
"BladeCenter HS21 Cluster, Xeon dual core, 3.0 GHz, GigEthernet",405,363.88,18600.0,51.115752445861276,2009,6,33
"BladeCenter HS21 Cluster, Xeon dual core, 3.0 GHz, GigEthernet",406,363.88,18600.0,51.115752445861276,2009,6,33
"BladeCenter HS21 Cluster, Xeon dual core, 3.0 GHz, GigEthernet",407,363.88,18600.0,51.115752445861276,2009,6,33
"BladeCenter HS21 Cluster, Xeon dual core, 3.0 GHz, GigEthernet",408,363.88,18600.0,51.115752445861276,2009,6,33
"BladeCenter HS21 Cluster, Xeon dual core, 3.0 GHz, GigEthernet",409,363.88,18600.0,51.115752445861276,2009,6,33
"BladeCenter HS21 Cluster, Xeon dual core, 3.0 GHz, GigEthernet",410,363.88,18600.0,51.115752445861276,2009,6,33
"BladeCenter HS21 Cluster, Xeon dual core, 3.0 GHz, GigEthernet",411,363.88,18600.0,51.115752445861276,2009,6,33
"BladeCenter HS21 Cluster, Xeon dual core, 3.0 GHz, GigEthernet",412,363.88,18600.0,51.115752445861276,2009,6,33
"BladeCenter HS21 Cluster, Xeon dual core, 3.0 GHz, GigEthernet",413,366.18,18600.0,50.79469113550713,2009,6,33
"BladeCenter HS21 Cluster, Xeon dual core, 2.33 GHz, GigEthernet",414,385.8,18600.0,48.211508553654745,2009,6,33
"BladeCenter HS21 Cluster, Xeon dual core, 2.33 GHz, GigEthernet",415,385.8,18600.0,48.211508553654745,2009,6,33
"BladeCenter HS21 Cluster, Xeon dual core, 2.33 GHz, GigEthernet",416,385.8,18600.0,48.211508553654745,2009,6,33
"BladeCenter HS21 Cluster, Xeon dual core 2.66 GHz, GigEthernet",417,338.2,18600.0,54.99704316972206,2009,6,33
"BladeCenter HS21 Cluster, Xeon dual core 2.66 GHz, GigEthernet",418,381.78,18600.0,48.71915763004872,2009,6,33
"xSeries x3650 Cluster Xeon dual core 2.66 GHz, GigEthernet",419,395.61,18600.0,47.01600060665807,2009,6,33
"BladeCenter HS21 Cluster, Xeon dual core, 2.33 GHz, GigEthernet",420,339.18,18600.0,54.838139041217055,2009,6,33
"BladeCenter HS21 Cluster, Xeon dual core, 2.33 GHz, GigEthernet",421,329.24,18600.0,56.493743166079454,2009,6,33
"BladeCenter QS22 Cluster, PowerXCell 8i 4.0 Ghz, Infiniband",422,34.63,18570.0,536.2402541149293,2009,6,33
"iDataPlex, Xeon QC 2.5 GHz, GigEthernet",423,130.2,18548.8,142.46390168970814,2009,6,33
"iDataPlex, Xeon QC 2.5 GHz, GigEthernet",424,130.2,18548.8,142.46390168970814,2009,6,33
"iDataPlex, Xeon QC 2.5 GHz, GigEthernet",425,130.2,18548.8,142.46390168970814,2009,6,33
"iDataPlex, Xeon QC 2.5 GHz, GigEthernet",426,130.2,18548.8,142.46390168970814,2009,6,33
"iDataPlex, Xeon QC 2.5 GHz, GigEthernet",427,130.2,18548.8,142.46390168970814,2009,6,33
"iDataPlex, Xeon QC 2.5 GHz, GigEthernet",428,130.2,18548.8,142.46390168970814,2009,6,33
"iDataPlex, Xeon QC 2.5 GHz, GigEthernet",429,130.2,18548.8,142.46390168970814,2009,6,33
"iDataPlex, Xeon QC 2.5 GHz, GigEthernet",430,130.2,18548.8,142.46390168970814,2009,6,33
"iDataPlex, Xeon QC 2.5 GHz, GigEthernet",431,130.2,18548.8,142.46390168970814,2009,6,33
"iDataPlex, Xeon QC 2.5 GHz, GigEthernet",432,130.2,18548.8,142.46390168970814,2009,6,33
"iDataPlex, Xeon QC 2.5 GHz, GigEthernet",433,130.2,18548.8,142.46390168970814,2009,6,33
"iDataPlex, Xeon QC 2.5 GHz, GigEthernet",434,130.2,18548.8,142.46390168970814,2009,6,33
"xSeries x3450 Cluster Xeon quad core, 3.0 GHz, GigEthernet",436,152.07,18522.1,121.7998290261064,2009,6,33
"xSeries x3450 Cluster Xeon quad core, 3.0 GHz, GigEthernet",437,152.07,18522.1,121.7998290261064,2009,6,33
"xSeries x3450 Cluster Xeon quad core, 3.0 GHz, GigEthernet",438,152.07,18522.1,121.7998290261064,2009,6,33
"iDataPlex, Xeon QC 3.0 GHz, Infiniband",442,89.86,18376.3,204.4992210104607,2009,6,33
"BladeCenter HS21 Cluster, Xeon QC HT 3 GHz, GigEthernet",443,142.49,18313.1,128.52200154396797,2009,6,33
"BladeCenter HS21 Cluster, Xeon QC HT 3 GHz, GigEthernet",444,142.49,18313.1,128.52200154396797,2009,6,33
"xSeries x3550 Cluster Xeon QC HT, 2.5 GHz, GigEthernet",451,219.72,18254.4,83.08028399781541,2009,6,33
"BladeCenter HS21 Cluster, Xeon QC HT 2.33 GHz, GigEthernet",452,171.03,18247.6,106.69239314740103,2009,6,33
"BladeCenter HS21 Cluster, Xeon QC HT 2.33 GHz, GigEthernet",453,171.03,18247.6,106.69239314740103,2009,6,33
"BladeCenter HS21 Cluster, Xeon QC HT 2.33 GHz, GigEthernet",454,171.03,18247.6,106.69239314740103,2009,6,33
"BladeCenter HS21 Cluster, Xeon QC HT 2.5 GHz, GigEthernet",456,152.7,18180.8,119.06221349050426,2009,6,33
"xSeries x3550 Cluster Xeon quad core 3.0 GHz, Infiniband",457,126.0,18089.1,143.56428571428572,2009,6,33
"xSeries x3450 Cluster Xeon quad core, 3.0 GHz, GigEthernet",458,207.0,18013.0,87.01932367149759,2009,6,33
"xSeries x3450 Cluster Xeon quad core, 3.0 GHz, GigEthernet",459,207.0,18013.0,87.01932367149759,2009,6,33
"xSeries x3650 Cluster Xeon dual core 2.66 GHz, GigEthernet",463,320.79,17874.0,55.71869447301973,2009,6,33
"xSeries x3650 Cluster Xeon dual core 2.66 GHz, GigEthernet",464,320.79,17874.0,55.71869447301973,2009,6,33
"BladeCenter HS21 Cluster, Xeon dual core, 3.0 GHz, GigEthernet",468,342.6,17786.2,51.91535318155283,2009,6,33
"BladeCenter HS21 Cluster, Xeon dual core, 3.0 GHz, GigEthernet",469,342.6,17786.2,51.91535318155283,2009,6,33
"BladeCenter HS21 Cluster, Xeon QC HT 2.5 GHz, GigEthernet",471,149.0,17739.1,119.05436241610737,2009,6,33
"BladeCenter HS21 Cluster, Xeon QC HT 2.5 GHz, GigEthernet",472,149.0,17739.1,119.05436241610737,2009,6,33
"Power 575, p6 4.7 GHz, Infiniband",476,184.1,17602.5,95.6137968495383,2009,6,33
"Atipa Candor Cluster, Intel E5530 2.4 GHz, Myrinet 10G-MX",478,65.5,17540.0,267.78625954198475,2009,6,33
"Atipa Candor Cluster, Intel E5530 2.4 GHz, Myrinet 10G-MX",479,65.5,17540.0,267.78625954198475,2009,6,33
"Cluster Platform 3000 BL460c, Xeon 54xx 3.0GHz, GigEthernet",482,299.42,17482.8,58.38888517801082,2009,6,33
"Cluster Platform 3000 BL460c, Xeon 54xx 3.0GHz, GigEthernet",483,299.42,17482.8,58.38888517801082,2009,6,33
"Cluster Platform 3000 BL460c, Xeon 54xx 3.0GHz, GigEthernet",484,174.66,17440.5,99.85400206114737,2009,6,33
"xSeries x3550 Cluster Xeon QC HT, 2.5 GHz, GigEthernet",485,209.5,17407.9,83.09260143198091,2009,6,33
"PowerEdge M600 Cluster, Intel E5430 2.66 Ghz, Infiniband",486,73.0,17380.0,238.08219178082192,2009,6,33
"BladeCenter HS21 Cluster, Xeon QC 2.33 GHz, GigEthernet",489,162.7,17355.8,106.67363245236632,2009,6,33
"BladeCenter HS21 Cluster, Xeon dual core, 2.33 GHz, GigEthernet",495,284.5,17146.9,60.270298769771536,2009,6,33
"BladeCenter HS21 Cluster, Xeon quad core 2.66 GHz, Infiniband",496,95.54,17133.6,179.3343102365501,2009,6,33
"BladeCenter HS21 Cluster, Xeon dual core 2.66 GHz, GigEthernet",500,329.16,17088.8,51.916393243407455,2009,6,33
"Roadrunner - BladeCenter QS22/LS21 Cluster, PowerXCell 8i 3.2 Ghz / Opteron DC 1.8 GHz , Voltaire Infiniband",1,2483.47,1105000.0,444.94195621449023,2008,11,32
Jaguar - Cray XT5 QC 2.3 GHz,2,6950.6,1059000.0,152.36094725635195,2008,11,32
"Pleiades - SGI Altix ICE 8200EX, Xeon QC 3.0/2.66 GHz",3,2090.0,487005.0,233.01674641148324,2008,11,32
BlueGene/L - eServer Blue Gene Solution,4,2329.6,478200.0,205.2712912087912,2008,11,32
Blue Gene/P Solution,5,1260.0,450300.0,357.3809523809524,2008,11,32
"Ranger - SunBlade x6420, Opteron QC 2.3 Ghz, Infiniband",6,2000.0,433200.0,216.6,2008,11,32
Franklin - Cray XT4 QuadCore 2.3 GHz,7,1150.0,266300.0,231.56521739130434,2008,11,32
Jaguar - Cray XT4 QuadCore 2.1 GHz,8,1580.71,205000.0,129.68855767345053,2008,11,32
"Red Storm - Sandia/ Cray Red Storm, XT3/4, 2.4/2.2 GHz dual/quad core",9,2506.0,204200.0,81.48443735035914,2008,11,32
JUGENE - Blue Gene/P Solution,11,504.0,180000.0,357.14285714285717,2008,11,32
"Encanto - SGI Altix ICE 8200, Xeon quad core 3.0 GHz",12,861.63,133200.0,154.59071759339855,2008,11,32
"EKA - Cluster Platform 3000 BL460c, Xeon 53xx 3GHz, Infiniband",13,786.0,132800.0,168.95674300254453,2008,11,32
"Jade - SGI Altix ICE 8200EX, Xeon quad core 3.0 GHz",14,608.18,128400.0,211.12170738925977,2008,11,32
Kraken - Cray XT4 QuadCore 2.3 GHz,15,888.82,125128.0,140.77991044305932,2008,11,32
Blue Gene/P Solution,16,315.0,112500.0,357.14285714285717,2008,11,32
"SGI Altix ICE 8200EX, Xeon quad core 3.0 GHz",17,442.0,106100.0,240.0452488687783,2008,11,32
"Power 575, p6 4.7 GHz, Infiniband",21,1329.7,92980.0,69.9255471158908,2008,11,32
"Power 575, p6 4.7 GHz, Infiniband",22,1329.7,92980.0,69.9255471158908,2008,11,32
"VIP - Power 575, p6 4.7 GHz, Infiniband",23,1073.99,92980.0,86.57436288978482,2008,11,32
Frontier2 BG/L - Blue Gene/P Solution,24,252.0,92960.0,368.8888888888889,2008,11,32
BGW - eServer Blue Gene Solution,25,448.0,91290.0,203.77232142857142,2008,11,32
Cray XT5 QC 2.3 GHz,26,588.9,90840.0,154.25369332654103,2008,11,32
"T2K Open Supercomputer (Todai Combined Cluster) - Hitachi Cluster Opteron QC 2.3 GHz, Myrinet 10G",27,638.6,82984.0,129.94675853429376,2008,11,32
New York Blue - eServer Blue Gene Solution,28,403.2,82161.0,203.77232142857144,2008,11,32
Cray XT5 QC 2.3 GHz,30,481.0,76800.0,159.66735966735968,2008,11,32
Cray XT5/XT4 QC 2.3 GHz,31,515.62,76510.0,148.38446918273146,2008,11,32
"T2K Open Supercomputer - Appro Xtreme-X3 Server - Quad Opteron Quad Core 2.3 GHz, Infiniband",32,671.8,76460.0,113.81363501041977,2008,11,32
ASC Purple - eServer pSeries p5 575 1.9 GHz,33,1992.96,75760.0,38.013808606294155,2008,11,32
eServer Blue Gene Solution,34,358.4,73032.0,203.77232142857144,2008,11,32
"MVS-100K - Cluster Platform 3000 BL460c/BL2x220, Xeon 54xx 3 Ghz, Infiniband",35,327.0,71280.0,217.9816513761468,2008,11,32
"Power 575, p6 4.7 GHz, Infiniband",36,797.82,69735.0,87.4069338948635,2008,11,32
"Power 575, p6 4.7 GHz, Infiniband",38,782.48,68393.9,87.40657908189345,2008,11,32
"Cerrillos - BladeCenter QS22/LS21 Cluster, PowerXCell 8i 3.2 Ghz / Opteron DC 1.8 GHz , Infiniband",41,138.0,63250.0,458.3333333333333,2008,11,32
"BladeCenter QS22/LS21 Cluster, PowerXCell 8i 3.2 Ghz / Opteron DC 1.8 GHz , Infiniband",42,138.0,63250.0,458.3333333333333,2008,11,32
"bluefire - Power 575, p6 4.7 GHz, Infiniband",43,649.51,57734.0,88.8885467506274,2008,11,32
HLRB-II - Altix 4700 1.6 GHz,44,990.24,56520.0,57.07707222491517,2008,11,32
Jade - Cray XT4 QuadCore 2.1 GHz,45,418.97,56250.0,134.2578227558059,2008,11,32
"Power 575, p6 4.7 GHz, Infiniband",50,572.79,50551.6,88.25503238534192,2008,11,32
"Power 575, p6 4.7 GHz, Infiniband",52,531.88,48932.7,91.99951116793261,2008,11,32
"Power 575, p6 4.7 GHz, Infiniband",53,531.88,48932.7,91.99951116793261,2008,11,32
"SKIF MSU - T-Platforms T60, Intel Quadcore 3Mhz, Infiniband DDR",54,265.0,47170.0,178.0,2008,11,32
Blue Gene/P Solution,56,126.0,46830.0,371.6666666666667,2008,11,32
Genius - Blue Gene/P Solution,57,126.0,46830.0,371.6666666666667,2008,11,32
"Akka - BladeCenter HS21 Cluster, Xeon QC HT 2.5 GHz, IB, Windows HPC 2008/CentOS",59,173.21,46040.0,265.8045147508804,2008,11,32
"Palmetto - PowerEdge 1950/SunFire X2200 Cluster Intel 53xx/54xx 2.33Ghz, Opteron 2.3 Ghz, Myrinet 10G",60,285.0,45610.0,160.03508771929825,2008,11,32
Cray XT4 QuadCore 2.3 GHz,65,274.73,40590.0,147.74505878498888,2008,11,32
JUBL - eServer Blue Gene Solution,69,179.2,37330.0,208.31473214285717,2008,11,32
"BladeCenter HS21 Cluster, Xeon QC HT 3 GHz, Infiniband",71,162.49,36752.5,226.1831497322912,2008,11,32
Earth-Simulator,73,3200.0,35860.0,11.20625,2008,11,32
Blue Gene/P Solution,75,94.5,35123.0,371.67195767195767,2008,11,32
"ATLAS - Pyramid Cluster Xeon QC 32xx 2.4 GHz, GigEthernet",79,201.0,32800.0,163.18407960199005,2008,11,32
"Cluster Platform 3000 BL460c, Xeon 54xx 3.0GHz, GigEthernet",83,510.61,29365.0,57.50964532617849,2008,11,32
"BladeCenter HS21 Cluster, Xeon QC HT 2.83 GHz, Infiniband",84,134.94,29323.1,217.30472802727138,2008,11,32
"BlueCrystal - xSeries x3450 Cluster Xeon quad core, 2.8 GHz, Infiniband",86,135.03,28775.0,213.10079241650004,2008,11,32
Stella - eServer Blue Gene Solution,93,134.4,27450.0,204.24107142857142,2008,11,32
"Jet - NOW Cluster - Intel Xeon 51xx/E54xx 2.8 Ghz, Infiniband",105,214.0,26730.0,124.90654205607477,2008,11,32
"SGI Altix ICE 8200EX, Xeon quad core 3.0 GHz",106,129.2,26690.0,206.57894736842107,2008,11,32
"SGI Altix ICE 8200EX, Xeon quad core 3.0 GHz",107,129.2,26690.0,206.57894736842107,2008,11,32
Cray XT5 QC 2.3 GHz,108,159.84,26310.0,164.6021021021021,2008,11,32
"Cluster Platform 3000 BL460c, Xeon 54xx 3.0GHz, GigEthernet",109,342.19,26286.9,76.81960314445192,2008,11,32
"Cluster Platform 3000 BL460c, Xeon 54xx 3.0GHz, GigEthernet",110,342.19,26286.9,76.81960314445192,2008,11,32
"SGI Altix ICE 8200EX, Xeon quad core 2.80 GHz",117,122.76,25110.0,204.54545454545453,2008,11,32
"Cluster Platform 3000 BL460c, Xeon 53xx 2.33GHz, Infiniband",118,167.0,25080.0,150.17964071856287,2008,11,32
"xSeries x3450 Cluster Xeon quad core, 3.0 GHz, GigEthernet",119,204.8,24670.0,120.458984375,2008,11,32
"BladeCenter HS21 Cluster, Xeon QC 2.66 GHz, GigEthernet",120,198.47,24670.0,124.30090189953141,2008,11,32
"Cluster Platform 3000 BL460c, Xeon 54xx 3.0GHz, GigEthernet",123,420.62,24244.1,57.63896153297513,2008,11,32
"BladeCenter HS21 Cluster, Xeon QC 2.66 GHz, GigEthernet",125,185.5,23616.4,127.31212938005392,2008,11,32
Blue Gene/P Solution,126,126.0,23415.0,185.83333333333334,2008,11,32
Blue Gene/P Solution,127,63.0,23415.0,371.6666666666667,2008,11,32
Blue Gene/P Solution,128,63.0,23415.0,371.6666666666667,2008,11,32
Blue Gene/P Solution,129,63.0,23415.0,371.6666666666667,2008,11,32
New York Blue - Blue Gene/P Solution,130,63.0,23415.0,371.6666666666667,2008,11,32
Cray XT4 QuadCore 2.2 GHz,134,160.78,22930.0,142.61724095036695,2008,11,32
"BladeCenter HS21 Cluster, Xeon QC 2.66 GHz, GigEthernet",143,172.5,22141.3,128.35536231884058,2008,11,32
eServer pSeries p5 575 1.9 GHz,153,161.98,21546.4,133.01889122113843,2008,11,32
Cray XT5 QC 2.3 GHz,155,130.24,21437.8,164.60227272727272,2008,11,32
"BladeCenter HS21 Cluster, Xeon QC HT 3 GHz, GigEthernet",169,159.95,20244.8,126.56955298530791,2008,11,32
"BladeCenter HS21 Cluster, Xeon QC HT 3 GHz, GigEthernet",170,159.95,20244.8,126.56955298530791,2008,11,32
eServer pSeries p5 575 1.9 GHz,172,501.5,20070.0,40.019940179461614,2008,11,32
eServer pSeries p5 575 1.9 GHz,173,501.5,20070.0,40.019940179461614,2008,11,32
"xSeries x3550 Cluster Xeon QC HT, 2.5 GHz, GigEthernet",175,240.57,19984.1,83.06979257596541,2008,11,32
"BladeCenter HS21 Cluster, Xeon dual core 3.0 GHz, Infiniband",177,244.12,19910.0,81.55825004096346,2008,11,32
"BladeCenter HS21 Cluster, Xeon dual core 3.0 GHz, Infiniband",178,244.12,19910.0,81.55825004096346,2008,11,32
"xSeries x3550 Cluster Xeon, 3 GHz, Infiniband",179,193.44,19910.0,102.92597187758479,2008,11,32
"Cluster Platform 3000 BL460c, Xeon 54xx 3.0GHz, GigEthernet",180,342.19,19790.7,57.83541307460768,2008,11,32
"Cluster Platform 3000 BL460c, Xeon 54xx 3.0GHz, GigEthernet",181,342.19,19790.7,57.83541307460768,2008,11,32
"Cluster Platform 3000 BL460c, Xeon 54xx 3.0GHz, GigEthernet",182,342.19,19790.7,57.83541307460768,2008,11,32
"Cluster Platform 3000 BL460c, Xeon 54xx 3.0GHz, GigEthernet",183,342.19,19790.7,57.83541307460768,2008,11,32
"BladeCenter HS21 Cluster, Xeon QC 2.66 GHz, GigEthernet",184,373.8,19753.1,52.844034242910645,2008,11,32
"BladeCenter HS21 Cluster, Xeon QC HT 2.83 GHz, Infiniband",191,88.28,19183.3,217.30063434526505,2008,11,32
"BladeCenter HS21 Cluster, Xeon QC 2.66 GHz, GigEthernet",195,145.3,19050.6,131.11218169304885,2008,11,32
"PowerEdge 1950, Xeon 51xx 3.06 GHz, Infinipath",200,330.0,18930.0,57.36363636363637,2008,11,32
Blue Protein - eServer Blue Gene Solution,207,89.6,18665.0,208.31473214285717,2008,11,32
Frontier - eServer Blue Gene Solution,208,89.6,18665.0,208.31473214285717,2008,11,32
eServer Blue Gene Solution,209,89.6,18665.0,208.31473214285717,2008,11,32
KEK/BG Sakura - eServer Blue Gene Solution,210,89.6,18665.0,208.31473214285717,2008,11,32
KEK/BG MOMO - eServer Blue Gene Solution,211,89.6,18665.0,208.31473214285717,2008,11,32
eServer Blue Gene Solution,212,89.6,18665.0,208.31473214285717,2008,11,32
eServer Blue Gene Solution,213,89.6,18665.0,208.31473214285717,2008,11,32
"BladeCenter HS21 Cluster, Xeon dual core, 3.0 GHz, GigEthernet",214,366.18,18600.0,50.79469113550713,2008,11,32
"BladeCenter HS21 Cluster, Xeon dual core 2.66 GHz, GigEthernet",215,338.2,18600.0,54.99704316972206,2008,11,32
"BladeCenter HS21 Cluster, Xeon dual core 2.66 GHz, GigEthernet",216,381.78,18600.0,48.71915763004872,2008,11,32
"xSeries x3650 Cluster Xeon dual core 2.66 GHz, GigEthernet",217,395.61,18600.0,47.01600060665807,2008,11,32
"BladeCenter HS21 Cluster, Xeon dual core, 2.33 GHz, GigEthernet",218,339.18,18600.0,54.838139041217055,2008,11,32
"BladeCenter HS21 Cluster, Xeon dual core, 2.33 GHz, GigEthernet",219,329.24,18600.0,56.493743166079454,2008,11,32
"BladeCenter QS22 Cluster, PowerXCell 8i 4.0 Ghz, Infiniband",220,34.63,18570.0,536.2402541149293,2008,11,32
"xSeries x3450 Cluster Xeon quad core, 3.0 GHz, GigEthernet",222,152.07,18522.1,121.7998290261064,2008,11,32
"xSeries x3450 Cluster Xeon quad core, 3.0 GHz, GigEthernet",223,152.07,18522.1,121.7998290261064,2008,11,32
"xSeries x3450 Cluster Xeon quad core, 3.0 GHz, GigEthernet",224,152.07,18522.1,121.7998290261064,2008,11,32
"BladeCenter HS21 Cluster, Xeon QC HT 3 GHz, GigEthernet",228,142.49,18313.1,128.52200154396797,2008,11,32
"BladeCenter HS21 Cluster, Xeon QC HT 3 GHz, GigEthernet",229,142.49,18313.1,128.52200154396797,2008,11,32
"BladeCenter HS21 Cluster, Xeon QC HT 3 GHz, Infiniband",236,79.97,18089.1,226.1985744654245,2008,11,32
"xSeries x3550 Cluster Xeon quad core 3.0 GHz, Infiniband",237,126.0,18089.1,143.56428571428572,2008,11,32
"xSeries x3650 Cluster Xeon dual core 2.66 GHz, GigEthernet",241,320.79,17874.0,55.71869447301973,2008,11,32
"xSeries x3650 Cluster Xeon dual core 2.66 GHz, GigEthernet",242,320.79,17874.0,55.71869447301973,2008,11,32
"BladeCenter HS21 Cluster, Xeon dual core, 3.0 GHz, GigEthernet",244,342.6,17786.2,51.91535318155283,2008,11,32
"BladeCenter HS21 Cluster, Xeon dual core, 3.0 GHz, GigEthernet",245,342.6,17786.2,51.91535318155283,2008,11,32
"Cluster Platform 3000 BL460c, Xeon 54xx 3.0GHz, GigEthernet",251,301.2,17567.1,58.32370517928287,2008,11,32
"Cluster Platform 3000 BL460c, Xeon 54xx 3.0GHz, GigEthernet",254,299.42,17482.8,58.38888517801082,2008,11,32
"Cluster Platform 3000 BL460c, Xeon 54xx 3.0GHz, GigEthernet",255,299.42,17482.8,58.38888517801082,2008,11,32
"BladeCenter HS21 Cluster, Xeon QC HT 3 GHz, GigEthernet",256,133.93,17364.8,129.6557903382364,2008,11,32
"BladeCenter HS21 Cluster, Xeon QC HT 3 GHz, GigEthernet",257,133.93,17364.8,129.6557903382364,2008,11,32
"BladeCenter HS21 Cluster, Xeon QC HT 3 GHz, GigEthernet",258,133.93,17364.8,129.6557903382364,2008,11,32
"BladeCenter HS21 Cluster, Xeon QC HT 3 GHz, GigEthernet",259,133.93,17364.8,129.6557903382364,2008,11,32
"BladeCenter HS21 Cluster, Xeon QC HT 3 GHz, GigEthernet",260,133.93,17364.8,129.6557903382364,2008,11,32
"BladeCenter HS21 Cluster, Xeon QC HT 3 GHz, GigEthernet",261,133.93,17364.8,129.6557903382364,2008,11,32
"BladeCenter HS21 Cluster, Xeon QC HT 3 GHz, GigEthernet",262,133.93,17364.8,129.6557903382364,2008,11,32
"BladeCenter HS21 Cluster, Xeon QC HT 3 GHz, GigEthernet",263,133.93,17364.8,129.6557903382364,2008,11,32
"BladeCenter HS21 Cluster, Xeon QC HT 3 GHz, GigEthernet",264,133.93,17364.8,129.6557903382364,2008,11,32
"BladeCenter HS21 Cluster, Xeon QC 2.33 GHz, GigEthernet",266,162.7,17355.8,106.67363245236632,2008,11,32
"BladeCenter HS21 Cluster, Xeon dual core, 2.33 GHz, GigEthernet",270,284.5,17146.9,60.270298769771536,2008,11,32
"BladeCenter HS21 Cluster, Xeon quad core 2.33 GHz, Infiniband",271,100.64,17140.0,170.31001589825118,2008,11,32
"BladeCenter HS21 Cluster, Xeon quad core 2.66 GHz, Infiniband",272,95.54,17133.6,179.3343102365501,2008,11,32
"xSeries x3455 Cluster Opteron, 2.6 GHz, Infiniband",274,404.04,17100.0,42.32254232254232,2008,11,32
"BladeCenter HS21 Cluster, Xeon dual core 2.66 GHz, GigEthernet",275,329.16,17088.8,51.916393243407455,2008,11,32
"Tachyon - Sun Blade 6000, Opteron QC 2.0 GHz, Infiniband 4x",277,129.6,16990.0,131.0956790123457,2008,11,32
"BladeCenter LS21, Opteron Dual Core 2.6 GHz, Infiniband",278,290.37,16906.0,58.22226814064814,2008,11,32
"xSeries x3550 Cluster Xeon QC, 2.333 GHz, GigEthernet",280,203.32,16854.6,82.89691127287034,2008,11,32
"RA - PowerEdge 1950, Xeon 53xx 2.66 GHz, Infiniband",285,128.0,16700.0,130.46875,2008,11,32
"BladeCenter HS21 Cluster, Xeon QC HT 3 GHz, GigEthernet",290,126.94,16592.2,130.70899637624075,2008,11,32
"BladeCenter HS21 Cluster, Xeon QC HT 3 GHz, GigEthernet",291,126.94,16592.2,130.70899637624075,2008,11,32
"BladeCenter HS21 Cluster, Xeon QC HT 3 GHz, GigEthernet",292,126.94,16592.2,130.70899637624075,2008,11,32
"BladeCenter HS21 Cluster, Xeon QC HT 3 GHz, GigEthernet",293,126.94,16592.2,130.70899637624075,2008,11,32
"BladeCenter HS21 Cluster, Xeon QC HT 3 GHz, GigEthernet",294,126.94,16592.2,130.70899637624075,2008,11,32
"BladeCenter HS21 Cluster, Xeon QC HT 3 GHz, GigEthernet",295,126.94,16592.2,130.70899637624075,2008,11,32
"BladeCenter HS21 Cluster, Xeon QC HT 3 GHz, GigEthernet",296,126.94,16592.2,130.70899637624075,2008,11,32
"BladeCenter HS21 Cluster, Xeon QC 2.66 GHz, GigEthernet",297,257.2,16592.2,64.51088646967341,2008,11,32
"Cluster Platform 3000 BL460c, Xeon 54xx 3.16 GHz, Infiniband",298,280.7,16584.0,59.08086925543285,2008,11,32
"Cluster Platform 3000 BL460c, Xeon 54xx 3.0GHz, GigEthernet",299,280.7,16582.9,59.07695048094051,2008,11,32
"Cluster Platform 3000 BL460c, Xeon 54xx 3.0GHz, GigEthernet",300,280.7,16582.9,59.07695048094051,2008,11,32
"Cluster Platform 3000 BL460c, Xeon 54xx 3.0GHz, GigEthernet",301,280.7,16582.9,59.07695048094051,2008,11,32
"BladeCenter HS21 Cluster, Xeon QC HT 2.83 GHz, GigEthernet",302,133.05,16525.0,124.20142803457345,2008,11,32
"BladeCenter HS21 Cluster, Xeon QC HT 2.83 GHz, GigEthernet",303,133.05,16525.0,124.20142803457345,2008,11,32
"Netuno - PowerEdge 1950, 2.66 GHz, Infiniband",305,130.0,16240.0,124.92307692307692,2008,11,32
eServer pSeries p5 575 1.9 GHz,306,404.86,16202.0,40.01877192115793,2008,11,32
eServer pSeries p5 575 1.9 GHz,307,404.86,16202.0,40.01877192115793,2008,11,32
"xSeries x3450 Cluster Xeon quad core, 2.5 GHz, GigEthernet",308,141.46,16193.4,114.4733493567086,2008,11,32
"BladeCenter HS21 Cluster, Xeon QC 2.66 GHz, GigEthernet",311,119.95,16170.7,134.8120050020842,2008,11,32
"BladeCenter HS21 Cluster, Xeon QC 2.66 GHz, GigEthernet",312,119.95,16170.7,134.8120050020842,2008,11,32
"BladeCenter HS21 Cluster, Xeon QC 2.66 GHz, GigEthernet",313,119.95,16170.7,134.8120050020842,2008,11,32
"BladeCenter HS21 Cluster, Xeon QC 2.66 GHz, GigEthernet",314,119.95,16170.7,134.8120050020842,2008,11,32
"Cluster Platform 3000 BL460c, Xeon 54xx 3.0GHz, GigEthernet",317,270.9,16101.2,59.43595422665191,2008,11,32
"BladeCenter HS21 Cluster, Xeon QC HT 2.83 GHz, GigEthernet",318,129.58,16094.2,124.2028090754746,2008,11,32
"BladeCenter HS21 Cluster, Xeon QC HT 2.83 GHz, GigEthernet",319,129.58,16094.2,124.2028090754746,2008,11,32
"BladeCenter HS21 Cluster, Xeon QC HT 2.83 GHz, GigEthernet",320,129.58,16094.2,124.2028090754746,2008,11,32
"BladeCenter HS21 Cluster, Xeon QC HT 2.83 GHz, GigEthernet",321,129.58,16094.2,124.2028090754746,2008,11,32
"BladeCenter HS21 Cluster, Xeon QC 2.33 GHz, GigEthernet",322,330.3,16066.9,48.64335452618831,2008,11,32
"BladeCenter HS21 Cluster, Xeon QC 2.33 GHz, GigEthernet",323,330.3,16066.9,48.64335452618831,2008,11,32
"Cluster Platform 3000 BL460c, Xeon 54xx 3.0GHz, GigEthernet",324,269.12,16012.9,59.500966111771696,2008,11,32
"Cluster Platform 3000 BL460c, Xeon 54xx 3.0GHz, GigEthernet",325,269.12,16012.9,59.500966111771696,2008,11,32
"Cluster Platform 3000 BL460c, Xeon 54xx 3.0GHz, GigEthernet",326,269.12,16012.9,59.500966111771696,2008,11,32
"Cluster Platform 3000 BL460c, Xeon 54xx 3.0GHz, GigEthernet",327,269.12,16012.9,59.500966111771696,2008,11,32
"Cluster Platform 3000 BL460c, Xeon 54xx 3.0GHz, GigEthernet",328,269.12,16012.9,59.500966111771696,2008,11,32
"Cluster Platform 3000 BL460c, Xeon 54xx 3.0GHz, GigEthernet",329,269.12,16012.9,59.500966111771696,2008,11,32
"xSeries x3550 Cluster Xeon QC, 2.333 GHz, GigEthernet",338,188.32,15898.1,84.42066694987257,2008,11,32
"BladeCenter HS21 Cluster, Xeon QC 2.33 GHz, GigEthernet",339,324.2,15841.8,48.864281307834666,2008,11,32
"Cluster Platform 3000 BL460c, Xeon 54xx 3.0GHz, GigEthernet",340,265.56,15835.5,59.63059195661997,2008,11,32
"Cluster Platform 3000 BL460c, Xeon 54xx 3.0GHz, GigEthernet",341,265.56,15835.5,59.63059195661997,2008,11,32
"Discover - iDataPlex, Xeon QC 2.5 GHz, Infiniband",345,82.3,15810.0,192.10206561360874,2008,11,32
"Discover - iDataPlex, Xeon QC 2.5 GHz, Infiniband",346,82.3,15810.0,192.10206561360874,2008,11,32
"BladeCenter LS20, Opteron 2.2 GHz Dual core, GigEthernet",349,393.6,15760.0,40.040650406504064,2008,11,32
"BladeCenter LS20, Opteron 2.2 GHz Dual core, GigEthernet",350,393.6,15760.0,40.040650406504064,2008,11,32
"Cluster Platform 3000 BL460c, Xeon 54xx 3.0GHz, GigEthernet",351,263.77,15746.5,59.69784281760625,2008,11,32
"BladeCenter HS21 Cluster, Xeon dual core 2.66 GHz, GigEthernet",352,298.56,15733.3,52.69728027867095,2008,11,32
"BladeCenter HS21 Cluster, Xeon dual core 2.66 GHz, GigEthernet",353,298.56,15733.3,52.69728027867095,2008,11,32
"BladeCenter HS21 Cluster, Xeon dual core, 3.0 GHz, GigEthernet",354,309.73,15732.5,50.7942401446421,2008,11,32
"Power 575, p6 4.7 GHz, Infiniband",357,163.66,15646.7,95.60491262373213,2008,11,32
"BladeCenter HS21 Cluster, Xeon dual core, 3.0 GHz, GigEthernet",358,258.8,15596.9,60.266228748068,2008,11,32
Cray XT5 QC 2.3 GHz,359,94.72,15591.1,164.6019847972973,2008,11,32
Cray XT5 QC 2.3 GHz,360,94.72,15591.1,164.6019847972973,2008,11,32
"xSeries x3550 Cluster Xeon QC HT, 2.66 GHz, GigEthernet",362,165.8,15538.5,93.71833534378769,2008,11,32
eServer pSeries p5 575 1.9 GHz,364,386.58,15470.0,40.01759014951627,2008,11,32
eServer pSeries p5 575 1.9 GHz,365,386.58,15470.0,40.01759014951627,2008,11,32
"BladeCenter HS21 Cluster, Xeon quad core 2.33 GHz, Infiniband",369,85.52,15328.5,179.2387745556595,2008,11,32
Cray XT5 QC 2.3 GHz,370,93.24,15318.9,164.2953667953668,2008,11,32
"BladeCenter HS21 Cluster, Xeon QC HT 2.83 GHz, GigEthernet",373,122.96,15271.9,124.20217957059207,2008,11,32
"BladeCenter HS21 Cluster, Xeon dual core, 3.0 GHz, GigEthernet",374,253.34,15267.5,60.26486145101445,2008,11,32
"BladeCenter HS21 Cluster, Xeon dual core 2.66 GHz, GigEthernet",378,294.08,15160.0,51.55059847660501,2008,11,32
"Cluster Platform 3000 BL460c, Xeon 54xx 3.0GHz, GigEthernet",380,250.41,15071.4,60.186893494668745,2008,11,32
"xSeries x3550 Cluster Xeon QC, 2.333 GHz, GigEthernet",381,174.65,15026.0,86.03492699685084,2008,11,32
"xSeries x3550 Cluster Xeon QC, 2.333 GHz, GigEthernet",382,174.65,15026.0,86.03492699685084,2008,11,32
"Cluster Platform 3000 BL460c, Xeon 54xx 3.0GHz, GigEthernet",383,248.62,14980.4,60.254203201673235,2008,11,32
"BladeCenter HS21 Cluster, Xeon quad core 2.66 GHz, Infiniband",385,72.02,14910.0,207.02582615940017,2008,11,32
"BladeCenter HS21 Cluster, Xeon QC 2.33 GHz, GigEthernet",389,297.5,14857.2,49.94016806722689,2008,11,32
"BladeCenter LS20, Opteron 2.2 GHz Dual core, GigEthernet",391,369.0,14775.0,40.040650406504064,2008,11,32
"xSeries x3550 Cluster Xeon QC HT, 2.5 GHz, GigEthernet",392,177.22,14721.3,83.06793815596433,2008,11,32
"Power 575, p6 4.7 GHz, Infiniband",394,153.43,14668.8,95.60581372612917,2008,11,32
"Power 575, p6 4.7 GHz, Infiniband",395,153.43,14668.8,95.60581372612917,2008,11,32
"BladeCenter HS21 Cluster, Xeon dual core, 3 GHz, GigEthernet",397,280.74,14528.3,51.75001781007337,2008,11,32
"BladeCenter HS21 Cluster, Xeon dual core, 3 GHz, GigEthernet",398,280.74,14528.3,51.75001781007337,2008,11,32
"BladeCenter HS21 Cluster, Xeon dual core, 3 GHz, GigEthernet",399,280.74,14528.3,51.75001781007337,2008,11,32
"BladeCenter HS21 Cluster, Xeon dual core, 3 GHz, GigEthernet",400,280.74,14528.3,51.75001781007337,2008,11,32
"BladeCenter HS21 Cluster, Xeon dual core, 3 GHz, GigEthernet",401,280.74,14528.3,51.75001781007337,2008,11,32
"BladeCenter HS21 Cluster, Xeon dual core, 3 GHz, GigEthernet",402,280.74,14528.3,51.75001781007337,2008,11,32
"BladeCenter HS21 Cluster, Xeon dual core, 3 GHz, GigEthernet",403,280.74,14528.3,51.75001781007337,2008,11,32
"BladeCenter HS21 Cluster, Xeon dual core, 3 GHz, GigEthernet",404,280.74,14528.3,51.75001781007337,2008,11,32
"BladeCenter HS21 Cluster, Xeon dual core 2.66 GHz, GigEthernet",412,269.45,14252.0,52.89293004267954,2008,11,32
"BladeCenter HS21 Cluster, Xeon dual core, 2.33 GHz, GigEthernet",415,231.49,14212.5,61.39574063674456,2008,11,32
"BladeCenter HS21 Cluster, Xeon dual core, 2.33 GHz, GigEthernet",416,231.49,14212.5,61.39574063674456,2008,11,32
"BladeCenter HS21 Cluster, Xeon dual core, 2.33 GHz, GigEthernet",417,231.49,14212.5,61.39574063674456,2008,11,32
"BladeCenter HS21 Cluster, Xeon dual core, 2.33 GHz, GigEthernet",418,231.49,14212.5,61.39574063674456,2008,11,32
"BladeCenter HS21 Cluster, Xeon dual core, 2.33 GHz, GigEthernet",419,231.49,14212.5,61.39574063674456,2008,11,32
"BladeCenter LS21, Opteron Dual Core 2.2 GHz, GigEthernet, Windows",420,416.45,14184.0,34.059310841637654,2008,11,32
"BladeCenter HS21 Cluster, Xeon quad core 2.33 GHz, Infiniband",423,78.45,14078.3,179.4557042702358,2008,11,32
"Roadrunner 3 - xSeries x3755 Cluster Opteron dual core 2.2 GHz, Infiniband",424,518.4,14070.0,27.141203703703706,2008,11,32
"Roadrunner 1 - xSeries x3755 Cluster Opteron dual core 2.2 GHz, Infiniband",425,518.4,14070.0,27.141203703703706,2008,11,32
"Roadrunner 2 - xSeries x3755 Cluster Opteron dual core 2.2 GHz, Infiniband",426,518.4,14070.0,27.141203703703706,2008,11,32
"BladeCenter QS22 Cluster, PowerXCell 8i 3.2 Ghz, Infiniband",429,26.38,13990.0,530.3260045489008,2008,11,32
"BladeCenter QS22 Cluster, PowerXCell 8i 3.2 Ghz, Infiniband",430,26.38,13990.0,530.3260045489008,2008,11,32
"BladeCenter QS22 Cluster, PowerXCell 8i 3.2 Ghz, Infiniband",431,26.38,13990.0,530.3260045489008,2008,11,32
Cray XT4 QuadCore 2.2 GHz,433,98.21,13936.5,141.90510131351186,2008,11,32
"Cluster Platform 3000 BL460c, Xeon 54xx 3.0GHz, GigEthernet",438,227.68,13893.6,61.02248770203795,2008,11,32
Intimidata - eServer Blue Gene Solution,443,67.2,13780.0,205.0595238095238,2008,11,32
"Cluster Platform 3000 BL460c, Xeon 54xx 3.0GHz, GigEthernet",444,224.56,13729.0,61.137335233345205,2008,11,32
"Cluster Platform 3000 BL460c, Xeon 54xx 3.0GHz, GigEthernet",447,223.67,13681.8,61.16958018509411,2008,11,32
"BladeCenter HS21 Cluster, Xeon dual core, 3 GHz, GigEthernet",451,263.58,13640.0,51.748994612641326,2008,11,32
"BladeCenter HS21 Cluster, Xeon dual core, 3 GHz, GigEthernet",452,263.58,13640.0,51.748994612641326,2008,11,32
"BladeCenter HS21 Cluster, Xeon dual core, 3 GHz, GigEthernet",453,263.58,13640.0,51.748994612641326,2008,11,32
"BladeCenter HS21 Cluster, Xeon dual core, 3 GHz, GigEthernet",454,263.58,13640.0,51.748994612641326,2008,11,32
"BladeCenter HS21 Cluster, Xeon dual core, 3 GHz, GigEthernet",455,263.58,13640.0,51.748994612641326,2008,11,32
"BladeCenter HS21 Cluster, Xeon dual core, 3 GHz, GigEthernet",456,263.58,13640.0,51.748994612641326,2008,11,32
"BladeCenter HS21 Cluster, Xeon dual core, 3 GHz, GigEthernet",457,263.58,13640.0,51.748994612641326,2008,11,32
"SGI Altix ICE 8200, Xeon quad core 2.83 GHz",462,67.07,13480.0,200.9840465185627,2008,11,32
"xSeries x3550 Cluster Xeon, 3 GHz, GigEthernet",468,217.01,13324.2,61.39901387032856,2008,11,32
"xSeries x3550 Cluster Xeon, 3 GHz, GigEthernet",469,217.01,13324.2,61.39901387032856,2008,11,32
"BladeCenter HS21 Cluster, Xeon quad core 2.33 GHz, GigEthernet",470,107.39,13281.8,123.67818232610112,2008,11,32
"BladeCenter HS21 Cluster, Xeon quad core 2.33 GHz, Infiniband",475,73.63,13212.9,179.44995246502785,2008,11,32
"Cluster Platform 3000 BL460c, Xeon 54xx 3.0GHz, GigEthernet",480,212.98,13113.0,61.56916142360785,2008,11,32
"BladeCenter HS21 Cluster, Xeon quad core 2.66 GHz, GigEthernet",481,111.96,13080.1,116.82833154698108,2008,11,32
"BladeCenter HS21 Cluster, Xeon quad core 2.33 GHz, Infiniband",482,72.66,13057.0,179.69997247453895,2008,11,32
"Cluster Platform 3000 BL460c, Xeon 54xx 3.0GHz, GigEthernet",487,280.7,13015.4,46.367652297826865,2008,11,32
"BladeCenter HS21 Cluster, Xeon dual core 3.0 GHz, Infiniband",493,129.69,12832.0,98.94363482149741,2008,11,32
"BladeCenter HS21 Cluster, Xeon QC L54xx 2.5 GHz, Infiniband",496,50.52,12701.0,251.40538400633412,2008,11,32
"Roadrunner - BladeCenter QS22/LS21 Cluster, PowerXCell 8i 3.2 Ghz / Opteron DC 1.8 GHz , Voltaire Infiniband",1,2345.5,1026000.0,437.4333830739714,2008,6,31
BlueGene/L - eServer Blue Gene Solution,2,2329.6,478200.0,205.2712912087912,2008,6,31
Blue Gene/P Solution,3,1260.0,450300.0,357.3809523809524,2008,6,31
"Ranger - SunBlade x6420, Opteron Quad 2Ghz, Infiniband",4,2000.0,326000.0,163.0,2008,6,31
Jaguar - Cray XT4 QuadCore 2.1 GHz,5,1580.71,205000.0,129.68855767345053,2008,6,31
JUGENE - Blue Gene/P Solution,6,504.0,180000.0,357.14285714285717,2008,6,31
"Encanto - SGI Altix ICE 8200, Xeon quad core 3.0 GHz",7,861.63,133200.0,154.59071759339855,2008,6,31
"EKA - Cluster Platform 3000 BL460c, Xeon 53xx 3GHz, Infiniband",8,786.0,132800.0,168.95674300254453,2008,6,31
Blue Gene/P Solution,9,315.0,112500.0,357.14285714285717,2008,6,31
"SGI Altix ICE 8200EX, Xeon quad core 3.0 GHz",10,442.0,106100.0,240.0452488687783,2008,6,31
Frontier2 BG/L - Blue Gene/P Solution,13,252.0,92960.0,368.8888888888889,2008,6,31
BGW - eServer Blue Gene Solution,14,448.0,91290.0,203.77232142857142,2008,6,31
"Franklin - Cray XT4, 2.6 GHz",15,1150.0,85368.0,74.23304347826087,2008,6,31
"T2K Open Supercomputer (Todai Combined Cluster) - Hitachi Cluster Opteron QC 2.3 GHz, Myrinet 10G",16,638.6,82984.0,129.94675853429376,2008,6,31
New York Blue - eServer Blue Gene Solution,17,403.2,82161.0,203.77232142857144,2008,6,31
"Power 575, p6 4.7 GHz, Infiniband",18,1329.7,80320.0,60.40460254192675,2008,6,31
"VIP - Power 575, p6 4.7 GHz, Infiniband",19,1073.99,80320.0,74.7865436363467,2008,6,31
"T2K Open Supercomputer - Appro Xtreme-X3 Server - Quad Opteron Quad Core 2.3 GHz, Infiniband",20,671.8,76460.0,113.81363501041977,2008,6,31
ASC Purple - eServer pSeries p5 575 1.9 GHz,21,1992.96,75760.0,38.013808606294155,2008,6,31
eServer Blue Gene Solution,22,358.4,73032.0,203.77232142857144,2008,6,31
HLRB-II - Altix 4700 1.6 GHz,27,990.24,56520.0,57.07707222491517,2008,6,31
"bluefire - Power 575, p6 4.7 GHz, Infiniband",30,649.51,54080.6,83.26369109020646,2008,6,31
"Power 575, p6 4.7 GHz, Infiniband",35,562.57,47970.0,85.26938869829532,2008,6,31
"SKIF MSU - T-Platforms T60, Intel Quadcore 3Mhz, Infiniband DDR",36,265.0,47170.0,178.0,2008,6,31
Blue Gene/P Solution,37,126.0,46830.0,371.6666666666667,2008,6,31
"Akka - BladeCenter HS21 Cluster, Xeon QC HT 2.5 GHz, IB, Windows HPC 2008/CentOS",39,173.21,46040.0,265.8045147508804,2008,6,31
JUBL - eServer Blue Gene Solution,46,179.2,37330.0,208.31473214285717,2008,6,31
Blue Gene/P Solution,51,94.5,35123.0,371.67195767195767,2008,6,31
Genius - Blue Gene/P Solution,52,94.5,35123.0,371.67195767195767,2008,6,31
"BladeCenter HS21 Cluster, Xeon QC HT 3 GHz, Infiniband",53,191.08,35078.1,183.578082478543,2008,6,31
"Cluster Platform 3000 BL460c, Xeon 53xx 3GHz, Infiniband",56,418.83,33885.1,80.90418546904472,2008,6,31
"ATLAS - Pyramid Cluster Xeon QC 32xx 2.4 GHz, GigEthernet",58,201.0,32800.0,163.18407960199005,2008,6,31
"Cluster Platform 3000 BL460c, Xeon 54xx 3.0GHz, GigEthernet",64,510.61,29365.0,57.50964532617849,2008,6,31
"BladeCenter HS21 Cluster, Xeon QC HT 2.83 GHz, Infiniband",65,137.61,29323.1,213.08843834023688,2008,6,31
"BlueCrystal - xSeries x3450 Cluster Xeon quad core, 2.8 GHz, Infiniband",66,135.03,28775.0,213.10079241650004,2008,6,31
Stella - eServer Blue Gene Solution,68,134.4,27450.0,204.24107142857142,2008,6,31
"SGI Altix ICE 8200EX, Xeon quad core 3.0 GHz",71,129.2,26690.0,206.57894736842107,2008,6,31
"SGI Altix ICE 8200EX, Xeon quad core 3.0 GHz",72,129.2,26690.0,206.57894736842107,2008,6,31
"Power 575, p6 4.7 GHz, Infiniband",73,245.48,23470.0,95.60860355222422,2008,6,31
Blue Gene/P Solution,74,63.0,23415.0,371.6666666666667,2008,6,31
New York Blue - Blue Gene/P Solution,75,63.0,23415.0,371.6666666666667,2008,6,31
"Power 575, p6 4.7 GHz, Infiniband",86,209.68,20047.3,95.6090232735597,2008,6,31
"BladeCenter HS21 Cluster, Xeon dual core 3.0 GHz, Infiniband",90,488.24,19910.0,40.77912502048173,2008,6,31
"xSeries x3550 Cluster Xeon, 3 GHz, Infiniband",91,193.44,19910.0,102.92597187758479,2008,6,31
"Cluster Platform 3000 BL460c, Xeon 54xx 3.0GHz, GigEthernet",92,342.19,19790.7,57.83541307460768,2008,6,31
"Cluster Platform 3000 BL460c, Xeon 54xx 3.0GHz, GigEthernet",93,342.19,19790.7,57.83541307460768,2008,6,31
"Cluster Platform 3000 BL460c, Xeon 54xx 3.0GHz, GigEthernet",94,342.19,19790.7,57.83541307460768,2008,6,31
"Cluster Platform 3000 BL460c, Xeon 54xx 3.0GHz, GigEthernet",95,342.19,19790.7,57.83541307460768,2008,6,31
"BladeCenter HS21 Cluster, Xeon QC HT 2.83 GHz, Infiniband",98,90.03,19183.3,213.0767521937132,2008,6,31
"PowerEdge 1950, Xeon 51xx 3.06 GHz, Infinipath",99,330.0,18930.0,57.36363636363637,2008,6,31
Blue Protein - eServer Blue Gene Solution,101,89.6,18665.0,208.31473214285717,2008,6,31
Frontier - eServer Blue Gene Solution,102,89.6,18665.0,208.31473214285717,2008,6,31
eServer Blue Gene Solution,103,89.6,18665.0,208.31473214285717,2008,6,31
KEK/BG MOMO - eServer Blue Gene Solution,104,89.6,18665.0,208.31473214285717,2008,6,31
KEK/BG Sakura - eServer Blue Gene Solution,105,89.6,18665.0,208.31473214285717,2008,6,31
eServer Blue Gene Solution,106,89.6,18665.0,208.31473214285717,2008,6,31
eServer Blue Gene Solution,107,89.6,18665.0,208.31473214285717,2008,6,31
"BladeCenter HS21 Cluster, Xeon dual core, 3.0 GHz, GigEthernet",108,366.18,18600.0,50.79469113550713,2008,6,31
"BladeCenter HS21 Cluster, Xeon dual core 2.66 GHz, GigEthernet",109,381.78,18600.0,48.71915763004872,2008,6,31
"xSeries x3650 Cluster Xeon dual core 2.66 GHz, GigEthernet",110,395.61,18600.0,47.01600060665807,2008,6,31
"BladeCenter HS21 Cluster, Xeon dual core, 2.33 GHz, GigEthernet",111,329.24,18600.0,56.493743166079454,2008,6,31
"xSeries x3650 Cluster Xeon dual core 2.66 GHz, GigEthernet",114,320.79,17874.0,55.71869447301973,2008,6,31
"xSeries x3650 Cluster Xeon dual core 2.66 GHz, GigEthernet",115,320.79,17874.0,55.71869447301973,2008,6,31
"Cluster Platform 3000 BL460c, Xeon 54xx 3.0GHz, GigEthernet",120,301.2,17567.1,58.32370517928287,2008,6,31
"Cluster Platform 3000 BL460c, Xeon 54xx 3.0GHz, GigEthernet",121,299.42,17482.8,58.38888517801082,2008,6,31
"Cluster Platform 3000 BL460c, Xeon 54xx 3.0GHz, GigEthernet",122,299.42,17482.8,58.38888517801082,2008,6,31
"BladeCenter HS21 Cluster, Xeon quad core 2.33 GHz, Infiniband",125,100.64,17140.0,170.31001589825118,2008,6,31
"xSeries x3455 Cluster Opteron, 2.6 GHz, Infiniband",127,404.04,17100.0,42.32254232254232,2008,6,31
"BladeCenter HS21 Cluster, Xeon dual core 2.66 GHz, GigEthernet",128,329.16,17088.8,51.916393243407455,2008,6,31
"Tachyon - Sun Blade 6000, Opteron QC 2.0 GHz, Infiniband 4x",130,129.6,16990.0,131.0956790123457,2008,6,31
"BladeCenter LS21, Opteron Dual Core 2.6 GHz, Infiniband",131,290.37,16906.0,58.22226814064814,2008,6,31
"RA - PowerEdge 1950, Xeon 53xx 2.66 GHz, Infiniband",133,128.0,16700.0,130.46875,2008,6,31
"Cluster Platform 3000 BL460c, Xeon 54xx 3.16 GHz, Infiniband",135,280.7,16584.0,59.08086925543285,2008,6,31
"Cluster Platform 3000 BL460c, Xeon 54xx 3.0GHz, GigEthernet",136,280.7,16582.9,59.07695048094051,2008,6,31
"Cluster Platform 3000 BL460c, Xeon 54xx 3.0GHz, GigEthernet",137,280.7,16582.9,59.07695048094051,2008,6,31
"Netuno - PowerEdge 1950, 2.66 GHz, Infiniband",138,130.0,16240.0,124.92307692307692,2008,6,31
"Cluster Platform 3000 BL460c, Xeon 54xx 3.0GHz, GigEthernet",142,270.9,16101.2,59.43595422665191,2008,6,31
"Cluster Platform 3000 BL460c, Xeon 54xx 3.0GHz, GigEthernet",143,269.12,16012.9,59.500966111771696,2008,6,31
"Cluster Platform 3000 BL460c, Xeon 54xx 3.0GHz, GigEthernet",144,269.12,16012.9,59.500966111771696,2008,6,31
"Cluster Platform 3000 BL460c, Xeon 54xx 3.0GHz, GigEthernet",145,269.12,16012.9,59.500966111771696,2008,6,31
"Cluster Platform 3000 BL460c, Xeon 54xx 3.0GHz, GigEthernet",146,269.12,16012.9,59.500966111771696,2008,6,31
"Cluster Platform 3000 BL460c, Xeon 54xx 3.0GHz, GigEthernet",147,269.12,16012.9,59.500966111771696,2008,6,31
"Cluster Platform 3000 BL460c, Xeon 54xx 3.0GHz, GigEthernet",148,269.12,16012.9,59.500966111771696,2008,6,31
"Cluster Platform 3000 BL460c, Xeon 54xx 3.0GHz, GigEthernet",151,265.56,15835.5,59.63059195661997,2008,6,31
"Cluster Platform 3000 BL460c, Xeon 54xx 3.0GHz, GigEthernet",152,265.56,15835.5,59.63059195661997,2008,6,31
"BladeCenter LS20, Opteron 2.2 GHz Dual core, GigEthernet",157,393.6,15760.0,40.040650406504064,2008,6,31
"BladeCenter LS20, Opteron 2.2 GHz Dual core, GigEthernet",158,393.6,15760.0,40.040650406504064,2008,6,31
"Cluster Platform 3000 BL460c, Xeon 54xx 3.0GHz, GigEthernet",159,263.77,15746.5,59.69784281760625,2008,6,31
"BladeCenter HS21 Cluster, Xeon dual core 2.66 GHz, GigEthernet",160,298.56,15733.3,52.69728027867095,2008,6,31
"BladeCenter HS21 Cluster, Xeon dual core 2.66 GHz, GigEthernet",161,298.56,15733.3,52.69728027867095,2008,6,31
"BladeCenter HS21 Cluster, Xeon dual core, 3.0 GHz, GigEthernet",162,309.73,15732.5,50.7942401446421,2008,6,31
"BladeCenter HS21 Cluster, Xeon quad core 2.33 GHz, Infiniband",169,85.52,15328.5,179.2387745556595,2008,6,31
"BladeCenter HS21 Cluster, Xeon dual core 2.66 GHz, GigEthernet",171,294.08,15160.0,51.55059847660501,2008,6,31
"Cluster Platform 3000 BL460c, Xeon 54xx 3.0GHz, GigEthernet",173,250.41,15071.4,60.186893494668745,2008,6,31
"Cluster Platform 3000 BL460c, Xeon 54xx 3.0GHz, GigEthernet",174,248.62,14980.4,60.254203201673235,2008,6,31
"BladeCenter HS21 Cluster, Xeon quad core 2.66 GHz, Infiniband",178,95.54,14910.0,156.06028888423697,2008,6,31
"BladeCenter LS20, Opteron 2.2 GHz Dual core, GigEthernet",182,369.0,14775.0,40.040650406504064,2008,6,31
"Power 575, p6 4.7 GHz, Infiniband",183,153.43,14668.8,95.60581372612917,2008,6,31
"BladeCenter HS21 Cluster, Xeon dual core, 3 GHz, GigEthernet",185,280.74,14528.3,51.75001781007337,2008,6,31
"BladeCenter HS21 Cluster, Xeon dual core, 3 GHz, GigEthernet",186,280.74,14528.3,51.75001781007337,2008,6,31
"BladeCenter HS21 Cluster, Xeon dual core, 3 GHz, GigEthernet",187,280.74,14528.3,51.75001781007337,2008,6,31
"BladeCenter HS21 Cluster, Xeon dual core, 3 GHz, GigEthernet",188,280.74,14528.3,51.75001781007337,2008,6,31
"BladeCenter HS21 Cluster, Xeon dual core, 3 GHz, GigEthernet",189,280.74,14528.3,51.75001781007337,2008,6,31
"BladeCenter HS21 Cluster, Xeon dual core, 3 GHz, GigEthernet",190,280.74,14528.3,51.75001781007337,2008,6,31
"BladeCenter HS21 Cluster, Xeon dual core, 3 GHz, GigEthernet",191,280.74,14528.3,51.75001781007337,2008,6,31
"BladeCenter HS21 Cluster, Xeon dual core, 3 GHz, GigEthernet",192,280.74,14528.3,51.75001781007337,2008,6,31
"BladeCenter HS21 Cluster, Xeon dual core 2.66 GHz, GigEthernet",196,269.45,14252.0,52.89293004267954,2008,6,31
"BladeCenter HS21 Cluster, Xeon dual core, 2.33 GHz, GigEthernet",198,231.49,14212.5,61.39574063674456,2008,6,31
"BladeCenter HS21 Cluster, Xeon dual core, 2.33 GHz, GigEthernet",199,231.49,14212.5,61.39574063674456,2008,6,31
"BladeCenter HS21 Cluster, Xeon dual core, 2.33 GHz, GigEthernet",200,231.49,14212.5,61.39574063674456,2008,6,31
"BladeCenter HS21 Cluster, Xeon dual core, 2.33 GHz, GigEthernet",201,231.49,14212.5,61.39574063674456,2008,6,31
"BladeCenter HS21 Cluster, Xeon dual core, 2.33 GHz, GigEthernet",202,231.49,14212.5,61.39574063674456,2008,6,31
"BladeCenter LS21, Opteron Dual Core 2.2 GHz, GigEthernet, Windows",203,416.45,14184.0,34.059310841637654,2008,6,31
"BladeCenter HS21 Cluster, Xeon quad core 2.33 GHz, Infiniband",205,78.45,14078.3,179.4557042702358,2008,6,31
"Roadrunner 2 - xSeries x3755 Cluster Opteron dual core 2.2 GHz, Infiniband",206,518.4,14070.0,27.141203703703706,2008,6,31
"Roadrunner 3 - xSeries x3755 Cluster Opteron dual core 2.2 GHz, Infiniband",207,518.4,14070.0,27.141203703703706,2008,6,31
"Roadrunner 1 - xSeries x3755 Cluster Opteron dual core 2.2 GHz, Infiniband",208,518.4,14070.0,27.141203703703706,2008,6,31
"Cluster Platform 3000 BL460c, Xeon 54xx 3.0GHz, GigEthernet",212,227.68,13893.6,61.02248770203795,2008,6,31
Intimidata - eServer Blue Gene Solution,217,67.2,13780.0,205.0595238095238,2008,6,31
"Cluster Platform 3000 BL460c, Xeon 54xx 3.0GHz, GigEthernet",218,224.56,13729.0,61.137335233345205,2008,6,31
"Cluster Platform 3000 BL460c, Xeon 54xx 3.0GHz, GigEthernet",224,223.67,13681.8,61.16958018509411,2008,6,31
"BladeCenter HS21 Cluster, Xeon dual core, 3 GHz, GigEthernet",228,263.58,13640.0,51.748994612641326,2008,6,31
"BladeCenter HS21 Cluster, Xeon dual core, 3 GHz, GigEthernet",229,263.58,13640.0,51.748994612641326,2008,6,31
"BladeCenter HS21 Cluster, Xeon dual core, 3 GHz, GigEthernet",230,263.58,13640.0,51.748994612641326,2008,6,31
"BladeCenter HS21 Cluster, Xeon dual core, 3 GHz, GigEthernet",231,263.58,13640.0,51.748994612641326,2008,6,31
"BladeCenter HS21 Cluster, Xeon dual core, 3 GHz, GigEthernet",232,263.58,13640.0,51.748994612641326,2008,6,31
"BladeCenter HS21 Cluster, Xeon dual core, 3 GHz, GigEthernet",233,263.58,13640.0,51.748994612641326,2008,6,31
"BladeCenter HS21 Cluster, Xeon dual core, 3 GHz, GigEthernet",234,263.58,13640.0,51.748994612641326,2008,6,31
"SGI Altix ICE 8200, Xeon quad core 2.83 GHz",237,67.07,13480.0,200.9840465185627,2008,6,31
"BladeCenter HS21 Cluster, Xeon quad core 2.33 GHz, Infiniband",247,73.63,13212.9,179.44995246502785,2008,6,31
"Cluster Platform 3000 BL460c, Xeon 54xx 3.0GHz, GigEthernet",251,212.98,13113.0,61.56916142360785,2008,6,31
"BladeCenter HS21 Cluster, Xeon quad core 2.33 GHz, Infiniband",252,72.66,13057.0,179.69997247453895,2008,6,31
"Cluster Platform 3000 BL460c, Xeon 54xx 3.0GHz, GigEthernet",258,210.31,12967.3,61.65802862441158,2008,6,31
"Cluster Platform 3000 BL460c, Xeon 54xx 3.0GHz, GigEthernet",259,210.31,12967.3,61.65802862441158,2008,6,31
"BladeCenter HS21 Cluster, Xeon dual core 3.0 GHz, Infiniband",263,129.69,12832.0,98.94363482149741,2008,6,31
"xSeries x3550 Cluster Xeon, 2.333 GHz, GigEthernet",272,232.04,12514.9,53.93423547664196,2008,6,31
"BladeCenter LS20, Opteron 2.2 GHz Dual core, GigEthernet",278,307.5,12312.0,40.0390243902439,2008,6,31
"BladeCenter LS20, Opteron 2.2 GHz Dual core, GigEthernet",279,307.5,12312.0,40.0390243902439,2008,6,31
"BladeCenter HS21 Cluster, Xeon dual core, 3 GHz, GigEthernet",285,233.44,12080.6,51.750342700479784,2008,6,31
"BladeCenter HS21 Cluster, Xeon dual core, 3 GHz, GigEthernet",286,233.44,12080.6,51.750342700479784,2008,6,31
"BladeCenter HS21 Cluster, Xeon dual core, 3 GHz, GigEthernet",287,233.44,12080.6,51.750342700479784,2008,6,31
"Cluster Platform 3000 BL460c, Xeon 54xx 3.0GHz, GigEthernet",291,192.48,11994.3,62.31452618453865,2008,6,31
"Cluster Platform 3000 BL460c, Xeon 54xx 3.0GHz, GigEthernet",292,192.48,11994.3,62.31452618453865,2008,6,31
"xSeries x3550 Cluster Xeon, 2.333 GHz, GigEthernet",303,217.4,11725.3,53.93422263109475,2008,6,31
Blue Gene/P Solution,304,31.5,11710.0,371.74603174603175,2008,6,31
Schrdinger - Blue Gene/P Solution,305,31.5,11710.0,371.74603174603175,2008,6,31
Blue Gene/P Solution,306,31.5,11710.0,371.74603174603175,2008,6,31
"Cluster Platform 3000 BL460c, Xeon 54xx 3.0GHz, GigEthernet",316,180.9,11349.3,62.737976782752895,2008,6,31
"Cluster Platform 3000 BL460c, Xeon 54xx 3.0GHz, GigEthernet",317,180.9,11349.3,62.737976782752895,2008,6,31
"Monte Capanne - BladeCenter QS22 Cluster, PowerXCell 8i 3.2 Ghz, Infiniband",324,22.76,11110.0,488.13708260105443,2008,6,31
"Cluster Platform 3000 BL460c, Xeon 54xx 3.0GHz, GigEthernet",329,174.66,10998.0,62.96805221573343,2008,6,31
"Star of Arkansas - PowerEdge 1950, 2.66 GHz, Infiniband",339,73.37,10750.0,146.51765026577618,2008,6,31
"BladeCenter HS21 Cluster, Xeon dual core 2.66 GHz, GigEthernet",355,196.3,10383.0,52.89353031074885,2008,6,31
"BladeCenter HS21 Cluster, Xeon dual core 2.66 GHz, GigEthernet",356,196.3,10383.0,52.89353031074885,2008,6,31
"PACS-CS - PACS-CS, low voltage Xeon 2.8 GHz,  3D Hyper-Crossbar",357,545.0,10350.0,18.990825688073393,2008,6,31
"xSeries x3650 Cluster Xeon dual core 2.33 GHz, GigEthernet",366,194.82,10146.0,52.07884200800739,2008,6,31
"xSeries x3550 Cluster Xeon, 3 GHz, GigEthernet",367,162.94,10112.9,62.065177365901555,2008,6,31
"xSeries x3550 Cluster Xeon, 1.6 GHz, GigEthernet",371,250.73,10084.7,40.221353647349744,2008,6,31
"BladeCenter HS21 Cluster, Xeon dual core, 3 GHz, GigEthernet",377,192.25,9949.0,51.750325097529256,2008,6,31
"BladeCenter HS21 Cluster, Xeon dual core, 3 GHz, GigEthernet",378,192.25,9949.0,51.750325097529256,2008,6,31
"BladeCenter HS21 Cluster, Xeon dual core 2.66 GHz, GigEthernet",379,188.09,9948.75,52.89356159285448,2008,6,31
"xSeries x3550 Cluster Xeon, 3 GHz, GigEthernet",382,158.1,9914.07,62.70759013282733,2008,6,31
"BladeCenter LS21, Opteron Dual Core 2.8 GHz, GigEthernet",385,285.72,9850.0,34.47431051378972,2008,6,31
"BladeCenter LS20, Opteron 2.2 GHz Dual core, GigEthernet",386,246.0,9850.0,40.040650406504064,2008,6,31
"BladeCenter LS20, Opteron 2.2 GHz Dual core, GigEthernet",387,246.0,9850.0,40.040650406504064,2008,6,31
"BladeCenter LS20, Opteron 2.2 GHz Dual core, GigEthernet",388,246.0,9850.0,40.040650406504064,2008,6,31
"Cluster Platform 3000 BL460c, Xeon 54xx 3.0GHz, GigEthernet",394,152.38,9719.7,63.78592991206196,2008,6,31
"BladeCenter HS21 Cluster, Xeon quad core 2.33 GHz, Infiniband",395,54.02,9693.28,179.43872639763052,2008,6,31
"Casimir - Cluster Platform 3000 BL2x220, Xeon 54xx 3 Ghz, Infiniband",396,42.6,9669.0,226.9718309859155,2008,6,31
"BladeCenter HS21 Cluster, Xeon QC HT 2.83 GHz, Infiniband",402,45.01,9591.67,213.10086647411688,2008,6,31
"BladeCenter HS21 Cluster, Xeon QC HT 2.83 GHz, Infiniband",403,45.01,9591.67,213.10086647411688,2008,6,31
"BladeCenter HS21 Cluster, Xeon QC HT 2.83 GHz, Infiniband",404,45.01,9591.67,213.10086647411688,2008,6,31
"bwGRiD-MA - BladeCenter HS21 Cluster, Xeon QC HT 2.83 GHz, Infiniband",405,45.01,9591.67,213.10086647411688,2008,6,31
"BladeCenter HS21 Cluster, Xeon QC HT 2.83 GHz, Infiniband",406,45.01,9591.67,213.10086647411688,2008,6,31
"NWICE - Spray Cooled xSeries x3550 Cluster Xeon quad core 2.33 GHz, Infiniband",407,89.09,9588.0,107.62150634190144,2008,6,31
"xSeries x3550 Cluster Xeon, 3 GHz, GigEthernet",408,149.92,9577.59,63.884671824973324,2008,6,31
eServer Blue Gene Solution,411,44.8,9433.0,210.55803571428572,2008,6,31
KEK/BG UME - eServer Blue Gene Solution,412,44.8,9433.0,210.55803571428572,2008,6,31
eServer Blue Gene Solution,413,44.8,9433.0,210.55803571428572,2008,6,31
eServer Blue Gene Solution,414,44.8,9433.0,210.55803571428572,2008,6,31
eServer Blue Gene Solution,415,44.8,9433.0,210.55803571428572,2008,6,31
Ocracoke - eServer Blue Gene Solution,416,44.8,9433.0,210.55803571428572,2008,6,31
Blue Fern - eServer Blue Gene Solution,417,44.8,9433.0,210.55803571428572,2008,6,31
"Cluster Platform 3000 BL460c, Xeon 54xx 3.0GHz, GigEthernet",419,146.14,9355.3,64.0160120432462,2008,6,31
"Cluster Platform 3000 BL460c, Xeon 54xx 3.0GHz, GigEthernet",420,146.14,9355.3,64.0160120432462,2008,6,31
"BladeCenter HS21 Cluster, Xeon quad core 2.66 GHz, GigEthernet",424,111.96,9287.0,82.94926759556985,2008,6,31
"BladeCenter HS21 Cluster, Xeon quad core 2.33 GHz, GigEthernet",425,107.39,9287.0,86.47918800633207,2008,6,31
"xSeries x3550 Cluster Xeon quad core, 2.333 GHz, GigEthernet",426,137.34,9287.0,67.62050385903596,2008,6,31
"xSeries x3550 Cluster Xeon quad core, 2.333 GHz, GigEthernet",427,137.34,9287.0,67.62050385903596,2008,6,31
"BladeCenter HS21 Cluster, Xeon quad core 2.33 GHz, GigEthernet",428,94.53,9287.0,98.24394372156988,2008,6,31
"BladeCenter HS21 Cluster, Xeon quad core 2.66 GHz, GigEthernet",429,91.43,9287.0,101.5749753910095,2008,6,31
"BladeCenter HS21 Cluster, Xeon quad core 2.66 GHz, GigEthernet",430,91.43,9287.0,101.5749753910095,2008,6,31
"xSeries x3550 Cluster Xeon QC HT, 2.66 GHz, GigEthernet",431,74.19,9287.0,125.17859549804557,2008,6,31
"BladeCenter HS21 Cluster, Xeon QC HT 3 GHz, GigEthernet",432,74.64,9287.0,124.42390139335477,2008,6,31
"BladeCenter HS21 Cluster, Xeon QC HT 3 GHz, GigEthernet",433,74.64,9287.0,124.42390139335477,2008,6,31
"BladeCenter HS21 Cluster, Xeon QC HT 3 GHz, GigEthernet",434,74.64,9287.0,124.42390139335477,2008,6,31
"BladeCenter HS21 Cluster, Xeon QC HT 3 GHz, GigEthernet",435,74.64,9287.0,124.42390139335477,2008,6,31
"xSeries x3550 Cluster Xeon quad core, 2.333 GHz, GigEthernet",436,118.78,9287.0,78.18656339451086,2008,6,31
"BladeCenter HS21 Cluster, Xeon QC HT 2.83 GHz, GigEthernet",437,67.52,9287.0,137.54443127962085,2008,6,31
"BladeCenter HS21 Cluster, Xeon QC HT 3 GHz, GigEthernet",438,73.52,9287.0,126.31936887921654,2008,6,31
"BladeCenter HS21 Cluster, Xeon QC HT 3 GHz, GigEthernet",439,73.52,9287.0,126.31936887921654,2008,6,31
"BladeCenter HS21 Cluster, Xeon QC HT 3 GHz, GigEthernet",440,73.52,9287.0,126.31936887921654,2008,6,31
"xSeries x3550 Cluster Xeon quad core, 2.333 GHz, GigEthernet",441,117.39,9287.0,79.11236050770934,2008,6,31
"BladeCenter HS21 Cluster, Xeon QC HT 2.8 GHz, GigEthernet",442,64.3,9287.0,144.43234836702956,2008,6,31
"BladeCenter HS21 Cluster, Xeon quad core 2.33 GHz, GigEthernet",443,76.52,9287.0,121.36696288552014,2008,6,31
"BladeCenter HS21 Cluster, Xeon quad core 2.33 GHz, GigEthernet",444,76.2,9287.0,121.8766404199475,2008,6,31
"BladeCenter HS21 Cluster, Xeon QC HT 2.83 GHz, GigEthernet",445,62.7,9287.0,148.11802232854865,2008,6,31
"BladeCenter HS21 Cluster, Xeon QC HT 2.83 GHz, GigEthernet",446,62.7,9287.0,148.11802232854865,2008,6,31
"BladeCenter HS21 Cluster, Xeon QC HT 2.5 GHz, GigEthernet",447,67.08,9287.0,138.44663088849137,2008,6,31
"xSeries x3550 Cluster Xeon quad core, 2.333 GHz, GigEthernet",448,106.72,9287.0,87.02211394302849,2008,6,31
"xSeries x3550 Cluster Xeon quad core, 2.333 GHz, GigEthernet",449,106.72,9287.0,87.02211394302849,2008,6,31
"BladeCenter HS21 Cluster, Xeon quad core 2.33 GHz, GigEthernet",450,71.7,9287.0,129.5258019525802,2008,6,31
"BladeCenter HS21 Cluster, Xeon quad core 2.33 GHz, GigEthernet",451,71.7,9287.0,129.5258019525802,2008,6,31
"BladeCenter HS21 Cluster, Xeon quad core 2.33 GHz, GigEthernet",452,71.7,9287.0,129.5258019525802,2008,6,31
"BladeCenter HS21 Cluster, Xeon quad core 2.33 GHz, GigEthernet",453,71.7,9287.0,129.5258019525802,2008,6,31
"xSeries x3550 Cluster Xeon quad core, 2.333 GHz, GigEthernet",454,98.83,9287.0,93.96944247698067,2008,6,31
"xSeries x3550 Cluster Xeon quad core, 2.333 GHz, GigEthernet",455,98.83,9287.0,93.96944247698067,2008,6,31
"BladeCenter HS21 Cluster, Xeon quad core 2.33 GHz, GigEthernet",456,67.52,9287.0,137.54443127962085,2008,6,31
"xSeries x3550 Cluster Xeon quad core, 2.333 GHz, GigEthernet",457,96.51,9287.0,96.22837011708631,2008,6,31
"BladeCenter HS21 Cluster, Xeon quad core 2.33 GHz, GigEthernet",458,64.3,9287.0,144.43234836702956,2008,6,31
"BladeCenter HS21 Cluster, Xeon quad core 2.33 GHz, GigEthernet",459,62.7,9287.0,148.11802232854865,2008,6,31
"BladeCenter HS21 Cluster, Xeon quad core 2.33 GHz, GigEthernet",460,62.7,9287.0,148.11802232854865,2008,6,31
"xSeries x3550 Cluster Xeon quad core, 2.333 GHz, GigEthernet",461,90.48,9287.0,102.64146772767462,2008,6,31
"Cell - BladeCenter QS22 Cluster, PowerXCell 8i 3.2 Ghz, Infiniband",464,18.97,9259.0,488.0864522930944,2008,6,31
"xSeries x3550 Cluster Xeon, 1.6 GHz, GigEthernet",465,230.17,9257.85,40.22179258808707,2008,6,31
"BladeCenter HS21 Cluster, Xeon quad core 2.33 GHz, Infiniband",467,51.44,9243.89,179.70237169517884,2008,6,31
"xSeries x3550 Cluster Xeon, 3 GHz, GigEthernet",472,140.62,9141.89,65.01130706869577,2008,6,31
"BladeCenter HS21 Cluster, Xeon dual core 3.0 GHz, Infiniband",474,91.55,9058.0,98.9404696886947,2008,6,31
"BladeCenter HS21 Cluster, Xeon QC HT 2.8 GHz, GigEthernet",476,60.12,9045.15,150.45159680638722,2008,6,31
"BladeCenter HS21 Cluster, Xeon QC HT 2.8 GHz, GigEthernet",477,60.12,9045.15,150.45159680638722,2008,6,31
"BladeCenter HS21 Cluster, Xeon QC HT 2.8 GHz, GigEthernet",478,60.12,9045.15,150.45159680638722,2008,6,31
"BladeCenter HS21 Cluster, Xeon QC HT 2.8 GHz, GigEthernet",479,60.12,9045.15,150.45159680638722,2008,6,31
"BladeCenter HS21 Cluster, Xeon QC HT 3 GHz, GigEthernet",486,69.42,8996.78,129.59925093632958,2008,6,31
"BladeCenter HS21 Cluster, Xeon QC HT 3 GHz, GigEthernet",487,69.42,8996.78,129.59925093632958,2008,6,31
"BladeCenter HS21 Cluster, Xeon QC HT 3 GHz, GigEthernet",488,69.42,8996.78,129.59925093632958,2008,6,31
"BladeCenter HS21 Cluster, Xeon QC HT 3 GHz, GigEthernet",489,69.42,8996.78,129.59925093632958,2008,6,31
"BladeCenter HS21 Cluster, Xeon QC HT 3 GHz, GigEthernet",490,69.42,8996.78,129.59925093632958,2008,6,31
"BladeCenter HS21 Cluster, Xeon QC HT 3 GHz, GigEthernet",491,69.42,8996.78,129.59925093632958,2008,6,31
"BladeCenter HS21 Cluster, Xeon QC HT 3 GHz, GigEthernet",492,59.8,8996.78,150.44782608695655,2008,6,31
"BladeCenter HS21 Cluster, Xeon QC HT 3 GHz, GigEthernet",493,69.42,8996.78,129.59925093632958,2008,6,31
"BladeCenter HS21 Cluster, Xeon QC HT 3 GHz, GigEthernet",494,69.42,8996.78,129.59925093632958,2008,6,31
"BladeCenter HS21 Cluster, Xeon QC HT 3 GHz, GigEthernet",495,69.42,8996.78,129.59925093632958,2008,6,31
"BladeCenter HS21 Cluster, Xeon QC HT 3 GHz, GigEthernet",496,69.42,8996.78,129.59925093632958,2008,6,31
"BladeCenter HS21 Cluster, Xeon QC HT 3 GHz, GigEthernet",497,69.42,8996.78,129.59925093632958,2008,6,31
"BladeCenter HS21 Cluster, Xeon QC HT 3 GHz, GigEthernet",498,69.42,8996.78,129.59925093632958,2008,6,31
"BladeCenter HS21 Cluster, Xeon QC HT 3 GHz, GigEthernet",499,69.42,8996.78,129.59925093632958,2008,6,31
"BladeCenter HS21 Cluster, Xeon QC HT 3 GHz, GigEthernet",500,69.42,8996.78,129.59925093632958,2008,6,31
